{
  "scene_info": {
    "total_rooms": 9,
    "total_objects": 41
  },
  "rooms": {
    "1": {
      "id": 1,
      "category": "bathroom",
      "label": "bathroom_1",
      "bbox": [],
      "objects_in_room": [
        4,
        13,
        37
      ]
    },
    "2": {
      "id": 2,
      "category": "closet",
      "label": "closet_2",
      "bbox": [],
      "objects_in_room": [
        11,
        16,
        18,
        19,
        28,
        30,
        31,
        35,
        40
      ]
    },
    "3": {
      "id": 3,
      "category": "closet",
      "label": "closet_3",
      "bbox": [],
      "objects_in_room": [
        5,
        6,
        23,
        32
      ]
    },
    "4": {
      "id": 4,
      "category": "corridor",
      "label": "corridor_4",
      "bbox": [],
      "objects_in_room": [
        38
      ]
    },
    "5": {
      "id": 5,
      "category": "corridor",
      "label": "corridor_5",
      "bbox": [],
      "objects_in_room": [
        7,
        20,
        24,
        33,
        36
      ]
    },
    "6": {
      "id": 6,
      "category": "empty_room",
      "label": "empty_room_6",
      "bbox": [],
      "objects_in_room": [
        9,
        17,
        26,
        27,
        34,
        41
      ]
    },
    "7": {
      "id": 7,
      "category": "empty_room",
      "label": "empty_room_7",
      "bbox": [],
      "objects_in_room": [
        10,
        12,
        15,
        22,
        25
      ]
    },
    "8": {
      "id": 8,
      "category": "empty_room",
      "label": "empty_room_8",
      "bbox": [],
      "objects_in_room": [
        21,
        39
      ]
    },
    "9": {
      "id": 9,
      "category": "kitchen",
      "label": "kitchen_9",
      "bbox": [],
      "objects_in_room": [
        1,
        2,
        3,
        8,
        14,
        29
      ]
    }
  },
  "objects": {
    "1": {
      "id": 1,
      "class": "microwave",
      "label": "microwave_1",
      "parent_room": 9,
      "description": "White microwave made of metal and plastic, used for heating food quickly and efficiently.",
      "bbox": [],
      "action_affordance": [
        "open",
        "close",
        "cook",
        "heat",
        "defrost",
        "clean"
      ]
    },
    "2": {
      "id": 2,
      "class": "oven",
      "label": "oven_2",
      "parent_room": 9,
      "description": "Shiny silver oven made of steel, used for baking and cooking food.",
      "bbox": [],
      "action_affordance": [
        "open",
        "close",
        "heat",
        "turn on",
        "turn off",
        "clean"
      ]
    },
    "3": {
      "id": 3,
      "class": "sink",
      "label": "sink_3",
      "parent_room": 9,
      "description": "White sink made of porcelain, used for washing dishes and cleaning.",
      "bbox": [],
      "action_affordance": [
        "wash",
        "clean"
      ]
    },
    "4": {
      "id": 4,
      "class": "sink",
      "label": "sink_4",
      "parent_room": 1,
      "description": "White sink made of porcelain, used for washing dishes and hands.",
      "bbox": [],
      "action_affordance": [
        "wash",
        "clean"
      ]
    },
    "5": {
      "id": 5,
      "class": "refrigerator",
      "label": "refrigerator_5",
      "parent_room": 3,
      "description": "White refrigerator made of steel, used for storing and preserving food at cold temperatures.",
      "bbox": [],
      "action_affordance": [
        "open",
        "close",
        "clean",
        "move"
      ]
    },
    "6": {
      "id": 6,
      "class": "refrigerator",
      "label": "refrigerator_6",
      "parent_room": 3,
      "description": "White refrigerator made of steel, used for storing and preserving food at cold temperatures.",
      "bbox": [],
      "action_affordance": [
        "open",
        "close",
        "clean",
        "move"
      ]
    },
    "7": {
      "id": 7,
      "class": "refrigerator",
      "label": "refrigerator_7",
      "parent_room": 5,
      "description": "White refrigerator made of steel, used for storing and preserving food at cold temperatures.",
      "bbox": [],
      "action_affordance": [
        "open",
        "close",
        "clean",
        "move"
      ]
    },
    "8": {
      "id": 8,
      "class": "refrigerator",
      "label": "refrigerator_8",
      "parent_room": 9,
      "description": "White refrigerator made of steel, used for storing and preserving food at cold temperatures.",
      "bbox": [],
      "action_affordance": [
        "open",
        "close",
        "clean",
        "move"
      ]
    },
    "9": {
      "id": 9,
      "class": "refrigerator",
      "label": "refrigerator_9",
      "parent_room": 6,
      "description": "White refrigerator made of steel, used for storing and preserving food at cold temperatures.",
      "bbox": [],
      "action_affordance": [
        "open",
        "close",
        "clean",
        "move"
      ]
    },
    "10": {
      "id": 10,
      "class": "refrigerator",
      "label": "refrigerator_10",
      "parent_room": 7,
      "description": "White refrigerator made of steel, used for storing and preserving food at cold temperatures.",
      "bbox": [],
      "action_affordance": [
        "open",
        "close",
        "clean",
        "move"
      ]
    },
    "11": {
      "id": 11,
      "class": "refrigerator",
      "label": "refrigerator_11",
      "parent_room": 2,
      "description": "White refrigerator made of steel, used for storing and preserving food at cold temperatures.",
      "bbox": [],
      "action_affordance": [
        "open",
        "close",
        "clean",
        "move"
      ]
    },
    "12": {
      "id": 12,
      "class": "book",
      "label": "book_12",
      "parent_room": 7,
      "description": "Brown book made of paper, used for reading and learning information.",
      "bbox": [],
      "action_affordance": [
        "open",
        "close",
        "read",
        "borrow",
        "lend"
      ]
    },
    "13": {
      "id": 13,
      "class": "toilet",
      "label": "toilet_13",
      "parent_room": 1,
      "description": "White toilet made of porcelain, used for relieving oneself and maintaining hygiene.",
      "bbox": [],
      "action_affordance": [
        "sit on",
        "clean",
        "flush",
        "close",
        "open"
      ]
    },
    "14": {
      "id": 14,
      "class": "pants",
      "label": "pants_14",
      "parent_room": 9,
      "description": "Blue pants made of denim, used for wearing and protecting the legs.",
      "bbox": [],
      "action_affordance": []
    },
    "15": {
      "id": 15,
      "class": "dirty_pants",
      "label": "dirty_pants_15",
      "parent_room": 7,
      "description": "Gray dirty_pants made of cotton, used for casual wear or lounging.",
      "bbox": [],
      "action_affordance": []
    },
    "16": {
      "id": 16,
      "class": "shirt",
      "label": "shirt_16",
      "parent_room": 2,
      "description": "White shirt made of cotton, used for wearing and protection from the elements.",
      "bbox": [],
      "action_affordance": []
    },
    "17": {
      "id": 17,
      "class": "dirty_shirt",
      "label": "dirty_shirt_17",
      "parent_room": 6,
      "description": "Grey dirty_shirt made of cotton, used for covering the body.",
      "bbox": [],
      "action_affordance": []
    },
    "18": {
      "id": 18,
      "class": "socks",
      "label": "socks_18",
      "parent_room": 2,
      "description": "Soft gray socks made of cotton, used for warmth and protecting feet.",
      "bbox": [],
      "action_affordance": []
    },
    "19": {
      "id": 19,
      "class": "dirty_socks",
      "label": "dirty_socks_19",
      "parent_room": 2,
      "description": "Grey dirty_socks made of cotton, used for foot protection and absorbing sweat.",
      "bbox": [],
      "action_affordance": []
    },
    "20": {
      "id": 20,
      "class": "underwear",
      "label": "underwear_20",
      "parent_room": 5,
      "description": "White underwear made of cotton, used for comfort and protection during wear.",
      "bbox": [],
      "action_affordance": []
    },
    "21": {
      "id": 21,
      "class": "dirty_underwear",
      "label": "dirty_underwear_21",
      "parent_room": 8,
      "description": "Grey dirty_underwear made of cotton, used for absorbing bodily fluids and comfort.",
      "bbox": [],
      "action_affordance": []
    },
    "22": {
      "id": 22,
      "class": "jacket",
      "label": "jacket_22",
      "parent_room": 7,
      "description": "Brown jacket made of leather, used for protection from the elements and style.",
      "bbox": [],
      "action_affordance": []
    },
    "23": {
      "id": 23,
      "class": "dirty_jacket",
      "label": "dirty_jacket_23",
      "parent_room": 3,
      "description": "Grey dirty_jacket made of denim, used for outerwear and protection from the elements.",
      "bbox": [],
      "action_affordance": []
    },
    "24": {
      "id": 24,
      "class": "plate",
      "label": "plate_24",
      "parent_room": 5,
      "description": "White plate made of ceramic, used for serving food and eating meals.",
      "bbox": [],
      "action_affordance": []
    },
    "25": {
      "id": 25,
      "class": "dirty_plate",
      "label": "dirty_plate_25",
      "parent_room": 7,
      "description": "Dirty plate made of ceramic, used for serving and eating food.",
      "bbox": [],
      "action_affordance": []
    },
    "26": {
      "id": 26,
      "class": "knife",
      "label": "knife_26",
      "parent_room": 6,
      "description": "Silver knife made of steel, used for cutting food or defense.",
      "bbox": [],
      "action_affordance": []
    },
    "27": {
      "id": 27,
      "class": "dirty_knife",
      "label": "dirty_knife_27",
      "parent_room": 6,
      "description": "Rusty knife made of steel, used for cutting food or self-defense.",
      "bbox": [],
      "action_affordance": []
    },
    "28": {
      "id": 28,
      "class": "drinking_glass",
      "label": "drinking_glass_28",
      "parent_room": 2,
      "description": "Clear drinking_glass made of glass, used for drinking liquids.",
      "bbox": [],
      "action_affordance": []
    },
    "29": {
      "id": 29,
      "class": "dirty_drinking_glass",
      "label": "dirty_drinking_glass_29",
      "parent_room": 9,
      "description": "Clear dirty drinking glass made of glass, used for drinking water or other beverages.",
      "bbox": [],
      "action_affordance": []
    },
    "30": {
      "id": 30,
      "class": "fork",
      "label": "fork_30",
      "parent_room": 2,
      "description": "Silver fork made of stainless steel, used for eating food.",
      "bbox": [],
      "action_affordance": []
    },
    "31": {
      "id": 31,
      "class": "dirty_fork",
      "label": "dirty_fork_31",
      "parent_room": 2,
      "description": "Silver dirty fork made of metal, used for eating food.",
      "bbox": [],
      "action_affordance": []
    },
    "32": {
      "id": 32,
      "class": "spoon",
      "label": "spoon_32",
      "parent_room": 3,
      "description": "Silver spoon made of stainless steel, used for eating or stirring food.",
      "bbox": [],
      "action_affordance": []
    },
    "33": {
      "id": 33,
      "class": "dirty_spoon",
      "label": "dirty_spoon_33",
      "parent_room": 5,
      "description": "Silver spoon, made of metal, used for eating or stirring food.",
      "bbox": [],
      "action_affordance": []
    },
    "34": {
      "id": 34,
      "class": "bowl",
      "label": "bowl_34",
      "parent_room": 6,
      "description": "White bowl made of ceramic, used for holding food or decorative items.",
      "bbox": [],
      "action_affordance": []
    },
    "35": {
      "id": 35,
      "class": "dirty_bowl",
      "label": "dirty_bowl_35",
      "parent_room": 2,
      "description": "Dirty bowl made of ceramic, used for holding food or water.",
      "bbox": [],
      "action_affordance": []
    },
    "36": {
      "id": 36,
      "class": "pot",
      "label": "pot_36",
      "parent_room": 5,
      "description": "Terracotta pot made of clay, used for growing plants and holding soil.",
      "bbox": [],
      "action_affordance": []
    },
    "37": {
      "id": 37,
      "class": "dirty_pot",
      "label": "dirty_pot_37",
      "parent_room": 1,
      "description": "Rusty brown dirty pot made of ceramic, used for cooking and storing food.",
      "bbox": [],
      "action_affordance": []
    },
    "38": {
      "id": 38,
      "class": "pan",
      "label": "pan_38",
      "parent_room": 4,
      "description": "Silver pan made of stainless steel, used for cooking and searing food on a stovetop.",
      "bbox": [],
      "action_affordance": []
    },
    "39": {
      "id": 39,
      "class": "dirty_pan",
      "label": "dirty_pan_39",
      "parent_room": 8,
      "description": "Grey dirty_pan made of metal, used for cooking and washing dishes after meals.",
      "bbox": [],
      "action_affordance": []
    },
    "40": {
      "id": 40,
      "class": "washing_machine",
      "label": "washing_machine_40",
      "parent_room": 2,
      "description": "White washing_machine made of steel, used for cleaning clothes efficiently.",
      "bbox": [],
      "action_affordance": []
    },
    "41": {
      "id": 41,
      "class": "dishwasher",
      "label": "dishwasher_41",
      "parent_room": 6,
      "description": "White dishwasher made of stainless steel, used for cleaning dishes and cutlery automatically.",
      "bbox": [],
      "action_affordance": []
    }
  }
}