{
  "scene_info": {
    "total_rooms": 7,
    "total_objects": 24
  },
  "rooms": {
    "1": {
      "id": 1,
      "category": "bathroom",
      "label": "bathroom_1",
      "bbox": [],
      "objects_in_room": [
        3,
        4,
        9,
        19
      ]
    },
    "2": {
      "id": 2,
      "category": "bedroom",
      "label": "bedroom_2",
      "bbox": [],
      "objects_in_room": [
        16
      ]
    },
    "3": {
      "id": 3,
      "category": "corridor",
      "label": "corridor_3",
      "bbox": [],
      "objects_in_room": []
    },
    "4": {
      "id": 4,
      "category": "corridor",
      "label": "corridor_4",
      "bbox": [],
      "objects_in_room": []
    },
    "5": {
      "id": 5,
      "category": "dining_room",
      "label": "dining_room_5",
      "bbox": [],
      "objects_in_room": [
        11,
        12,
        17,
        18,
        23,
        24
      ]
    },
    "6": {
      "id": 6,
      "category": "kitchen",
      "label": "kitchen_6",
      "bbox": [],
      "objects_in_room": [
        1,
        2,
        5,
        6,
        22
      ]
    },
    "7": {
      "id": 7,
      "category": "living_room",
      "label": "living_room_7",
      "bbox": [],
      "objects_in_room": [
        7,
        8,
        10,
        13,
        14,
        15,
        20,
        21
      ]
    }
  },
  "objects": {
    "1": {
      "id": 1,
      "class": "oven",
      "label": "oven_1",
      "parent_room": 6,
      "description": "Shiny silver oven made of steel, used for baking and cooking food to heat it through.",
      "bbox": [],
      "action_affordance": [
        "open",
        "close",
        "heat",
        "turn on",
        "turn off",
        "clean"
      ]
    },
    "2": {
      "id": 2,
      "class": "sink",
      "label": "sink_2",
      "parent_room": 6,
      "description": "White sink made of porcelain, used for washing dishes and cleaning hands.",
      "bbox": [],
      "action_affordance": [
        "wash",
        "clean"
      ]
    },
    "3": {
      "id": 3,
      "class": "sink",
      "label": "sink_3",
      "parent_room": 1,
      "description": "White sink made of porcelain, used for washing dishes and hands.",
      "bbox": [],
      "action_affordance": [
        "wash",
        "clean"
      ]
    },
    "4": {
      "id": 4,
      "class": "sink",
      "label": "sink_4",
      "parent_room": 1,
      "description": "White sink made of porcelain, used for washing dishes and hands.",
      "bbox": [],
      "action_affordance": [
        "wash",
        "clean"
      ]
    },
    "5": {
      "id": 5,
      "class": "refrigerator",
      "label": "refrigerator_5",
      "parent_room": 6,
      "description": "White refrigerator made of steel, used for storing and preserving food at cold temperatures.",
      "bbox": [],
      "action_affordance": [
        "open",
        "close",
        "clean",
        "move"
      ]
    },
    "6": {
      "id": 6,
      "class": "refrigerator",
      "label": "refrigerator_6",
      "parent_room": 6,
      "description": "White refrigerator made of steel, used for storing and preserving food at cold temperatures.",
      "bbox": [],
      "action_affordance": [
        "open",
        "close",
        "clean",
        "move"
      ]
    },
    "7": {
      "id": 7,
      "class": "vase",
      "label": "vase_7",
      "parent_room": 7,
      "description": "Ceramic vase made of ceramic, used for holding flowers and decorative arrangements.",
      "bbox": [],
      "action_affordance": [
        "fill",
        "pick up",
        "break",
        "clean"
      ]
    },
    "8": {
      "id": 8,
      "class": "vase",
      "label": "vase_8",
      "parent_room": 7,
      "description": "White vase made of ceramic, used for holding flowers and decorative arrangements.",
      "bbox": [],
      "action_affordance": [
        "fill",
        "pick up",
        "break",
        "clean"
      ]
    },
    "9": {
      "id": 9,
      "class": "toilet",
      "label": "toilet_9",
      "parent_room": 1,
      "description": "White toilet made of porcelain, used for relieving oneself and maintaining hygiene.",
      "bbox": [],
      "action_affordance": [
        "sit on",
        "clean",
        "flush",
        "close",
        "open"
      ]
    },
    "10": {
      "id": 10,
      "class": "chair",
      "label": "chair_10",
      "parent_room": 7,
      "description": "Brown chair made of wood, used for sitting and supporting a person.",
      "bbox": [],
      "action_affordance": [
        "sit on",
        "step on",
        "clean",
        "break",
        "move"
      ]
    },
    "11": {
      "id": 11,
      "class": "chair",
      "label": "chair_11",
      "parent_room": 5,
      "description": "Brown chair made of wood, used for sitting and supporting a person.",
      "bbox": [],
      "action_affordance": [
        "sit on",
        "step on",
        "clean",
        "break",
        "move"
      ]
    },
    "12": {
      "id": 12,
      "class": "chair",
      "label": "chair_12",
      "parent_room": 5,
      "description": "Wooden chair made of wood, used for sitting and supporting a person.",
      "bbox": [],
      "action_affordance": [
        "sit on",
        "step on",
        "clean",
        "break",
        "move"
      ]
    },
    "13": {
      "id": 13,
      "class": "couch",
      "label": "couch_13",
      "parent_room": 7,
      "description": "Gray couch made of fabric, used for sitting and relaxing.",
      "bbox": [],
      "action_affordance": [
        "sit on",
        "lay on",
        "step on",
        "tidy",
        "clean",
        "move"
      ]
    },
    "14": {
      "id": 14,
      "class": "couch",
      "label": "couch_14",
      "parent_room": 7,
      "description": "Gray couch made of fabric, used for sitting and relaxing.",
      "bbox": [],
      "action_affordance": [
        "sit on",
        "lay on",
        "step on",
        "tidy",
        "clean",
        "move"
      ]
    },
    "15": {
      "id": 15,
      "class": "potted plant",
      "label": "potted plant_15",
      "parent_room": 7,
      "description": "Green potted plant made of ceramic, used for decoration and bringing nature indoors.",
      "bbox": [],
      "action_affordance": [
        "water",
        "pick up",
        "move"
      ]
    },
    "16": {
      "id": 16,
      "class": "bed",
      "label": "bed_16",
      "parent_room": 2,
      "description": "Cream bed made of wood, used for resting and sleeping.",
      "bbox": [],
      "action_affordance": [
        "make",
        "sit on",
        "step on",
        "lay on",
        "move"
      ]
    },
    "17": {
      "id": 17,
      "class": "dining table",
      "label": "dining table_17",
      "parent_room": 5,
      "description": "Brown dining table made of wood, used for eating meals and hosting gatherings.",
      "bbox": [],
      "action_affordance": [
        "sit at",
        "lay on",
        "pick up",
        "move",
        "clean",
        "set",
        "decorate"
      ]
    },
    "18": {
      "id": 18,
      "class": "dining table",
      "label": "dining table_18",
      "parent_room": 5,
      "description": "Brown dining table made of wood, used for eating meals and gathering with family.",
      "bbox": [],
      "action_affordance": [
        "sit at",
        "lay on",
        "pick up",
        "move",
        "clean",
        "set",
        "decorate"
      ]
    },
    "19": {
      "id": 19,
      "class": "mop",
      "label": "mop_19",
      "parent_room": 1,
      "description": "Yellow mop made of microfiber, used for cleaning floors and removing dirt.",
      "bbox": [],
      "action_affordance": []
    },
    "20": {
      "id": 20,
      "class": "rubbish_bin",
      "label": "rubbish_bin_20",
      "parent_room": 7,
      "description": "Grey rubbish bin made of plastic, used for discarding waste and household trash.",
      "bbox": [],
      "action_affordance": []
    },
    "21": {
      "id": 21,
      "class": "cola_can",
      "label": "cola_can_21",
      "parent_room": 7,
      "description": "Silver cola_can made of aluminum, used for drinking a refreshing beverage.",
      "bbox": [],
      "action_affordance": []
    },
    "22": {
      "id": 22,
      "class": "banana_peel",
      "label": "banana_peel_22",
      "parent_room": 6,
      "description": "Yellow banana peel made of organic fruit, used for slipping and causing comedic mishaps.",
      "bbox": [],
      "action_affordance": []
    },
    "23": {
      "id": 23,
      "class": "rotting_apple",
      "label": "rotting_apple_23",
      "parent_room": 5,
      "description": "Rotting apple made of flesh and skin, used for attracting insects or composting.",
      "bbox": [],
      "action_affordance": []
    },
    "24": {
      "id": 24,
      "class": "bucket",
      "label": "bucket_24",
      "parent_room": 5,
      "description": "Blue bucket made of plastic, used for carrying water or other liquids.",
      "bbox": [],
      "action_affordance": []
    }
  }
}