{
  "scene_info": {
    "total_rooms": 11,
    "total_objects": 25
  },
  "rooms": {
    "1": {
      "id": 1,
      "category": "bathroom",
      "label": "bathroom_1",
      "bbox": [],
      "objects_in_room": [
        8,
        11,
        15,
        16
      ]
    },
    "2": {
      "id": 2,
      "category": "bathroom",
      "label": "bathroom_2",
      "bbox": [],
      "objects_in_room": [
        6,
        17
      ]
    },
    "3": {
      "id": 3,
      "category": "closet",
      "label": "closet_3",
      "bbox": [],
      "objects_in_room": [
        12,
        18,
        21,
        23
      ]
    },
    "4": {
      "id": 4,
      "category": "corridor",
      "label": "corridor_4",
      "bbox": [],
      "objects_in_room": [
        19
      ]
    },
    "5": {
      "id": 5,
      "category": "corridor",
      "label": "corridor_5",
      "bbox": [],
      "objects_in_room": []
    },
    "6": {
      "id": 6,
      "category": "empty_room",
      "label": "empty_room_6",
      "bbox": [],
      "objects_in_room": [
        25
      ]
    },
    "7": {
      "id": 7,
      "category": "empty_room",
      "label": "empty_room_7",
      "bbox": [],
      "objects_in_room": [
        10
      ]
    },
    "8": {
      "id": 8,
      "category": "empty_room",
      "label": "empty_room_8",
      "bbox": [],
      "objects_in_room": [
        3,
        13,
        20,
        22
      ]
    },
    "9": {
      "id": 9,
      "category": "empty_room",
      "label": "empty_room_9",
      "bbox": [],
      "objects_in_room": [
        1,
        2
      ]
    },
    "10": {
      "id": 10,
      "category": "empty_room",
      "label": "empty_room_10",
      "bbox": [],
      "objects_in_room": [
        14
      ]
    },
    "11": {
      "id": 11,
      "category": "kitchen",
      "label": "kitchen_11",
      "bbox": [],
      "objects_in_room": [
        4,
        5,
        7,
        9,
        24
      ]
    }
  },
  "objects": {
    "1": {
      "id": 1,
      "class": "kite",
      "label": "kite_1",
      "parent_room": 9,
      "description": "Bright red kite made of nylon, used for soaring through the sky and enjoying a breezy day.",
      "bbox": [],
      "action_affordance": [
        "fly",
        "pick up"
      ]
    },
    "2": {
      "id": 2,
      "class": "kite",
      "label": "kite_2",
      "parent_room": 9,
      "description": "Bright red kite made of nylon, used for soaring and enjoying a breezy outdoor activity.",
      "bbox": [],
      "action_affordance": [
        "fly",
        "pick up"
      ]
    },
    "3": {
      "id": 3,
      "class": "kite",
      "label": "kite_3",
      "parent_room": 8,
      "description": "Bright red kite made of nylon, used for soaring through the sky and enjoying the wind.",
      "bbox": [],
      "action_affordance": [
        "fly",
        "pick up"
      ]
    },
    "4": {
      "id": 4,
      "class": "microwave",
      "label": "microwave_4",
      "parent_room": 11,
      "description": "White microwave made of metal and plastic, used for heating food quickly and efficiently.",
      "bbox": [],
      "action_affordance": [
        "open",
        "close",
        "cook",
        "heat",
        "defrost",
        "clean"
      ]
    },
    "5": {
      "id": 5,
      "class": "oven",
      "label": "oven_5",
      "parent_room": 11,
      "description": "Red oven made of metal, used for baking and cooking food at high temperatures.",
      "bbox": [],
      "action_affordance": [
        "open",
        "close",
        "heat",
        "turn on",
        "turn off",
        "clean"
      ]
    },
    "6": {
      "id": 6,
      "class": "sink",
      "label": "sink_6",
      "parent_room": 2,
      "description": "White sink made of porcelain, used for washing dishes and cleaning hands.",
      "bbox": [],
      "action_affordance": [
        "wash",
        "clean"
      ]
    },
    "7": {
      "id": 7,
      "class": "sink",
      "label": "sink_7",
      "parent_room": 11,
      "description": "White sink made of porcelain, used for washing dishes and hands.",
      "bbox": [],
      "action_affordance": [
        "wash",
        "clean"
      ]
    },
    "8": {
      "id": 8,
      "class": "sink",
      "label": "sink_8",
      "parent_room": 1,
      "description": "White sink made of porcelain, used for washing dishes and cleaning hands.",
      "bbox": [],
      "action_affordance": [
        "wash",
        "clean"
      ]
    },
    "9": {
      "id": 9,
      "class": "refrigerator",
      "label": "refrigerator_9",
      "parent_room": 11,
      "description": "White refrigerator made of steel, used for storing and preserving food at cold temperatures.",
      "bbox": [],
      "action_affordance": [
        "open",
        "close",
        "clean",
        "move"
      ]
    },
    "10": {
      "id": 10,
      "class": "refrigerator",
      "label": "refrigerator_10",
      "parent_room": 7,
      "description": "White refrigerator made of steel, used for storing and chilling food items.",
      "bbox": [],
      "action_affordance": [
        "open",
        "close",
        "clean",
        "move"
      ]
    },
    "11": {
      "id": 11,
      "class": "refrigerator",
      "label": "refrigerator_11",
      "parent_room": 1,
      "description": "White refrigerator made of steel, used for keeping food cold and preserving freshness.",
      "bbox": [],
      "action_affordance": [
        "open",
        "close",
        "clean",
        "move"
      ]
    },
    "12": {
      "id": 12,
      "class": "refrigerator",
      "label": "refrigerator_12",
      "parent_room": 3,
      "description": "White refrigerator made of steel, used for storing and preserving food at cold temperatures.",
      "bbox": [],
      "action_affordance": [
        "open",
        "close",
        "clean",
        "move"
      ]
    },
    "13": {
      "id": 13,
      "class": "refrigerator",
      "label": "refrigerator_13",
      "parent_room": 8,
      "description": "White refrigerator made of steel, used for storing and preserving food at cold temperatures.",
      "bbox": [],
      "action_affordance": [
        "open",
        "close",
        "clean",
        "move"
      ]
    },
    "14": {
      "id": 14,
      "class": "clock",
      "label": "clock_14",
      "parent_room": 10,
      "description": "Silver clock made of metal, used for telling time.",
      "bbox": [],
      "action_affordance": [
        "look at",
        "set",
        "hang",
        "place"
      ]
    },
    "15": {
      "id": 15,
      "class": "clock",
      "label": "clock_15",
      "parent_room": 1,
      "description": "Silver clock made of metal, used for telling time.",
      "bbox": [],
      "action_affordance": [
        "look at",
        "set",
        "hang",
        "place"
      ]
    },
    "16": {
      "id": 16,
      "class": "toilet",
      "label": "toilet_16",
      "parent_room": 1,
      "description": "White toilet made of porcelain, used for relieving oneself and maintaining hygiene.",
      "bbox": [],
      "action_affordance": [
        "sit on",
        "clean",
        "flush",
        "close",
        "open"
      ]
    },
    "17": {
      "id": 17,
      "class": "toilet",
      "label": "toilet_17",
      "parent_room": 2,
      "description": "White toilet made of porcelain, used for relieving oneself and maintaining hygiene.",
      "bbox": [],
      "action_affordance": [
        "sit on",
        "clean",
        "flush",
        "close",
        "open"
      ]
    },
    "18": {
      "id": 18,
      "class": "chair",
      "label": "chair_18",
      "parent_room": 3,
      "description": "Wooden chair made of wood, used for sitting and supporting a person.",
      "bbox": [],
      "action_affordance": [
        "sit on",
        "step on",
        "clean",
        "break",
        "move"
      ]
    },
    "19": {
      "id": 19,
      "class": "desk",
      "label": "desk_19",
      "parent_room": 4,
      "description": "Brown desk made of wood, used for working, studying, or holding items.",
      "bbox": [],
      "action_affordance": []
    },
    "20": {
      "id": 20,
      "class": "lamp",
      "label": "lamp_20",
      "parent_room": 8,
      "description": "Warm white lamp made of metal, used for illuminating a space and providing light.",
      "bbox": [],
      "action_affordance": []
    },
    "21": {
      "id": 21,
      "class": "locker",
      "label": "locker_21",
      "parent_room": 3,
      "description": "Steel locker, made of steel, used for storing belongings securely.",
      "bbox": [],
      "action_affordance": []
    },
    "22": {
      "id": 22,
      "class": "laptop into the locker",
      "label": "laptop into the locker_22",
      "parent_room": 8,
      "description": "Silver laptop made of metal, used for computing and storing information.",
      "bbox": [],
      "action_affordance": []
    },
    "23": {
      "id": 23,
      "class": "mouse into the locker",
      "label": "mouse into the locker_23",
      "parent_room": 3,
      "description": "Silver mouse, made of plastic, used for navigating a computer interface.",
      "bbox": [],
      "action_affordance": []
    },
    "24": {
      "id": 24,
      "class": "keyboard into the locker",
      "label": "keyboard into the locker_24",
      "parent_room": 11,
      "description": "Black keyboard made of plastic, used for typing messages and entering codes into the locker.",
      "bbox": [],
      "action_affordance": []
    },
    "25": {
      "id": 25,
      "class": "headphone into the locker",
      "label": "headphone into the locker_25",
      "parent_room": 6,
      "description": "Black headphones made of plastic, used for listening to music or audio.",
      "bbox": [],
      "action_affordance": []
    }
  }
}