{
  "scene_info": {
    "total_rooms": 24,
    "total_objects": 101
  },
  "rooms": {
    "1": {
      "id": 1,
      "category": "bathroom",
      "label": "bathroom_1",
      "bbox": [],
      "objects_in_room": [
        6,
        8,
        64,
        78
      ]
    },
    "2": {
      "id": 2,
      "category": "bathroom",
      "label": "bathroom_2",
      "bbox": [],
      "objects_in_room": [
        65
      ]
    },
    "3": {
      "id": 3,
      "category": "bathroom",
      "label": "bathroom_3",
      "bbox": [],
      "objects_in_room": [
        51,
        52,
        54,
        63,
        94
      ]
    },
    "4": {
      "id": 4,
      "category": "bathroom",
      "label": "bathroom_4",
      "bbox": [],
      "objects_in_room": [
        48,
        62,
        96
      ]
    },
    "5": {
      "id": 5,
      "category": "bedroom",
      "label": "bedroom_5",
      "bbox": [],
      "objects_in_room": [
        28,
        55,
        99
      ]
    },
    "6": {
      "id": 6,
      "category": "bedroom",
      "label": "bedroom_6",
      "bbox": [],
      "objects_in_room": [
        49,
        50,
        56,
        68
      ]
    },
    "7": {
      "id": 7,
      "category": "bedroom",
      "label": "bedroom_7",
      "bbox": [],
      "objects_in_room": [
        3,
        57
      ]
    },
    "8": {
      "id": 8,
      "category": "closet",
      "label": "closet_8",
      "bbox": [],
      "objects_in_room": []
    },
    "9": {
      "id": 9,
      "category": "closet",
      "label": "closet_9",
      "bbox": [],
      "objects_in_room": []
    },
    "10": {
      "id": 10,
      "category": "corridor",
      "label": "corridor_10",
      "bbox": [],
      "objects_in_room": [
        17
      ]
    },
    "11": {
      "id": 11,
      "category": "corridor",
      "label": "corridor_11",
      "bbox": [],
      "objects_in_room": [
        37
      ]
    },
    "12": {
      "id": 12,
      "category": "dining_room",
      "label": "dining_room_12",
      "bbox": [],
      "objects_in_room": [
        20,
        21,
        22,
        23,
        24,
        59,
        60,
        61,
        87,
        88,
        91,
        92,
        93
      ]
    },
    "13": {
      "id": 13,
      "category": "home_office",
      "label": "home_office_13",
      "bbox": [],
      "objects_in_room": [
        1,
        2,
        26,
        27,
        39,
        40,
        67,
        70,
        71,
        72,
        97
      ]
    },
    "14": {
      "id": 14,
      "category": "home_office",
      "label": "home_office_14",
      "bbox": [],
      "objects_in_room": [
        4,
        15,
        16,
        35,
        41,
        69,
        81,
        82,
        83,
        85
      ]
    },
    "15": {
      "id": 15,
      "category": "kitchen",
      "label": "kitchen_15",
      "bbox": [],
      "objects_in_room": [
        29,
        30,
        73,
        74,
        76,
        77,
        89
      ]
    },
    "16": {
      "id": 16,
      "category": "kitchen",
      "label": "kitchen_16",
      "bbox": [],
      "objects_in_room": [
        5,
        7,
        12,
        14,
        25,
        32,
        75,
        79,
        90,
        101
      ]
    },
    "17": {
      "id": 17,
      "category": "living_room",
      "label": "living_room_17",
      "bbox": [],
      "objects_in_room": [
        34,
        42,
        43,
        53,
        98
      ]
    },
    "18": {
      "id": 18,
      "category": "living_room",
      "label": "living_room_18",
      "bbox": [],
      "objects_in_room": [
        38,
        44,
        45,
        46,
        47,
        58,
        66,
        84,
        86,
        95
      ]
    },
    "19": {
      "id": 19,
      "category": "living_room",
      "label": "living_room_19",
      "bbox": [],
      "objects_in_room": [
        18,
        19,
        36,
        100
      ]
    },
    "20": {
      "id": 20,
      "category": "lobby",
      "label": "lobby_20",
      "bbox": [],
      "objects_in_room": []
    },
    "21": {
      "id": 21,
      "category": "staircase",
      "label": "staircase_21",
      "bbox": [],
      "objects_in_room": []
    },
    "22": {
      "id": 22,
      "category": "staircase",
      "label": "staircase_22",
      "bbox": [],
      "objects_in_room": []
    },
    "23": {
      "id": 23,
      "category": "storage_room",
      "label": "storage_room_23",
      "bbox": [],
      "objects_in_room": [
        11,
        31,
        33,
        80
      ]
    },
    "24": {
      "id": 24,
      "category": "utility_room",
      "label": "utility_room_24",
      "bbox": [],
      "objects_in_room": [
        9,
        10
      ]
    }
  },
  "objects": {
    "1": {
      "id": 1,
      "class": "handbag",
      "label": "handbag_1",
      "parent_room": 13,
      "description": "Brown handbag made of leather, used for carrying essentials and accessories.",
      "bbox": [],
      "action_affordance": [
        "wear",
        "pick up",
        "clean",
        "open",
        "empty",
        "close",
        "fill",
        "grab"
      ]
    },
    "2": {
      "id": 2,
      "class": "handbag",
      "label": "handbag_2",
      "parent_room": 13,
      "description": "Brown handbag made of leather, used for carrying belongings and accessories.",
      "bbox": [],
      "action_affordance": [
        "wear",
        "pick up",
        "clean",
        "open",
        "empty",
        "close",
        "fill",
        "grab"
      ]
    },
    "3": {
      "id": 3,
      "class": "skateboard",
      "label": "skateboard_3",
      "parent_room": 7,
      "description": "Red skateboard made of wood, used for riding and performing tricks.",
      "bbox": [],
      "action_affordance": [
        "ride",
        "grab",
        "pick up",
        "stand on",
        "store"
      ]
    },
    "4": {
      "id": 4,
      "class": "bottle",
      "label": "bottle_4",
      "parent_room": 14,
      "description": "Clear bottle made of glass, used for holding and pouring liquids like water or juice.",
      "bbox": [],
      "action_affordance": [
        "grab",
        "open",
        "hold",
        "drink from"
      ]
    },
    "5": {
      "id": 5,
      "class": "bottle",
      "label": "bottle_5",
      "parent_room": 16,
      "description": "Clear bottle made of glass, used for holding liquids like water or juice.",
      "bbox": [],
      "action_affordance": [
        "grab",
        "open",
        "hold",
        "drink from"
      ]
    },
    "6": {
      "id": 6,
      "class": "bottle",
      "label": "bottle_6",
      "parent_room": 1,
      "description": "Clear bottle made of glass, used for holding and pouring liquids like water or juice.",
      "bbox": [],
      "action_affordance": [
        "grab",
        "open",
        "hold",
        "drink from"
      ]
    },
    "7": {
      "id": 7,
      "class": "bottle",
      "label": "bottle_7",
      "parent_room": 16,
      "description": "Clear bottle made of glass, used for holding and storing liquids like water or juice.",
      "bbox": [],
      "action_affordance": [
        "grab",
        "open",
        "hold",
        "drink from"
      ]
    },
    "8": {
      "id": 8,
      "class": "bottle",
      "label": "bottle_8",
      "parent_room": 1,
      "description": "Clear bottle made of glass, used for holding and storing liquids like water or juice.",
      "bbox": [],
      "action_affordance": [
        "grab",
        "open",
        "hold",
        "drink from"
      ]
    },
    "9": {
      "id": 9,
      "class": "bottle",
      "label": "bottle_9",
      "parent_room": 24,
      "description": "Clear bottle made of glass, used for holding and storing liquids.",
      "bbox": [],
      "action_affordance": [
        "grab",
        "open",
        "hold",
        "drink from"
      ]
    },
    "10": {
      "id": 10,
      "class": "bottle",
      "label": "bottle_10",
      "parent_room": 24,
      "description": "Clear bottle made of glass, used for holding and storing liquids like water or juice.",
      "bbox": [],
      "action_affordance": [
        "grab",
        "open",
        "hold",
        "drink from"
      ]
    },
    "11": {
      "id": 11,
      "class": "bottle",
      "label": "bottle_11",
      "parent_room": 23,
      "description": "Clear bottle made of glass, used for holding and pouring liquids like water or juice.",
      "bbox": [],
      "action_affordance": [
        "grab",
        "open",
        "hold",
        "drink from"
      ]
    },
    "12": {
      "id": 12,
      "class": "cup",
      "label": "cup_12",
      "parent_room": 16,
      "description": "White cup made of ceramic, used for holding and drinking beverages.",
      "bbox": [],
      "action_affordance": [
        "grab",
        "drink from",
        "hold",
        "clean",
        "pour in",
        "set on"
      ]
    },
    "13": {
      "id": 13,
      "class": "cup",
      "label": "cup_13",
      "parent_room": null,
      "description": "White cup made of ceramic, used for drinking beverages.",
      "bbox": [],
      "action_affordance": [
        "grab",
        "drink from",
        "hold",
        "clean",
        "pour in",
        "set on"
      ]
    },
    "14": {
      "id": 14,
      "class": "bowl",
      "label": "bowl_14",
      "parent_room": 16,
      "description": "Ceramic bowl made of ceramic, used for holding food or decorative items.",
      "bbox": [],
      "action_affordance": [
        "grab",
        "eat from",
        "clean",
        "hold",
        "set on"
      ]
    },
    "15": {
      "id": 15,
      "class": "chair",
      "label": "chair_15",
      "parent_room": 14,
      "description": "Brown chair made of wood, used for sitting and providing support.",
      "bbox": [],
      "action_affordance": [
        "sit on",
        "step on",
        "clean",
        "break",
        "move"
      ]
    },
    "16": {
      "id": 16,
      "class": "chair",
      "label": "chair_16",
      "parent_room": 14,
      "description": "Brown chair made of wood, used for sitting and resting.",
      "bbox": [],
      "action_affordance": [
        "sit on",
        "step on",
        "clean",
        "break",
        "move"
      ]
    },
    "17": {
      "id": 17,
      "class": "chair",
      "label": "chair_17",
      "parent_room": 10,
      "description": "Brown chair made of wood, used for sitting and supporting a person.",
      "bbox": [],
      "action_affordance": [
        "sit on",
        "step on",
        "clean",
        "break",
        "move"
      ]
    },
    "18": {
      "id": 18,
      "class": "chair",
      "label": "chair_18",
      "parent_room": 19,
      "description": "Brown chair made of wood, used for sitting and supporting a person.",
      "bbox": [],
      "action_affordance": [
        "sit on",
        "step on",
        "clean",
        "break",
        "move"
      ]
    },
    "19": {
      "id": 19,
      "class": "chair",
      "label": "chair_19",
      "parent_room": 19,
      "description": "Brown chair made of wood, used for sitting and supporting a person.",
      "bbox": [],
      "action_affordance": [
        "sit on",
        "step on",
        "clean",
        "break",
        "move"
      ]
    },
    "20": {
      "id": 20,
      "class": "chair",
      "label": "chair_20",
      "parent_room": 12,
      "description": "Brown chair made of wood, used for sitting and supporting a person.",
      "bbox": [],
      "action_affordance": [
        "sit on",
        "step on",
        "clean",
        "break",
        "move"
      ]
    },
    "21": {
      "id": 21,
      "class": "chair",
      "label": "chair_21",
      "parent_room": 12,
      "description": "Wooden chair made of wood, used for sitting and supporting a person.",
      "bbox": [],
      "action_affordance": [
        "sit on",
        "step on",
        "clean",
        "break",
        "move"
      ]
    },
    "22": {
      "id": 22,
      "class": "chair",
      "label": "chair_22",
      "parent_room": 12,
      "description": "Brown chair made of wood, used for sitting and supporting a person.",
      "bbox": [],
      "action_affordance": [
        "sit on",
        "step on",
        "clean",
        "break",
        "move"
      ]
    },
    "23": {
      "id": 23,
      "class": "chair",
      "label": "chair_23",
      "parent_room": 12,
      "description": "Wooden chair made of wood, used for sitting and supporting a person.",
      "bbox": [],
      "action_affordance": [
        "sit on",
        "step on",
        "clean",
        "break",
        "move"
      ]
    },
    "24": {
      "id": 24,
      "class": "chair",
      "label": "chair_24",
      "parent_room": 12,
      "description": "Wooden chair made of wood, used for sitting and supporting a person.",
      "bbox": [],
      "action_affordance": [
        "sit on",
        "step on",
        "clean",
        "break",
        "move"
      ]
    },
    "25": {
      "id": 25,
      "class": "chair",
      "label": "chair_25",
      "parent_room": 16,
      "description": "Brown chair made of wood, used for sitting and supporting a person.",
      "bbox": [],
      "action_affordance": [
        "sit on",
        "step on",
        "clean",
        "break",
        "move"
      ]
    },
    "26": {
      "id": 26,
      "class": "chair",
      "label": "chair_26",
      "parent_room": 13,
      "description": "Wooden chair made of wood, used for sitting and supporting a person.",
      "bbox": [],
      "action_affordance": [
        "sit on",
        "step on",
        "clean",
        "break",
        "move"
      ]
    },
    "27": {
      "id": 27,
      "class": "chair",
      "label": "chair_27",
      "parent_room": 13,
      "description": "Brown chair made of wood, used for sitting and supporting a person.",
      "bbox": [],
      "action_affordance": [
        "sit on",
        "step on",
        "clean",
        "break",
        "move"
      ]
    },
    "28": {
      "id": 28,
      "class": "chair",
      "label": "chair_28",
      "parent_room": 5,
      "description": "Brown chair made of wood, used for sitting and supporting a person.",
      "bbox": [],
      "action_affordance": [
        "sit on",
        "step on",
        "clean",
        "break",
        "move"
      ]
    },
    "29": {
      "id": 29,
      "class": "chair",
      "label": "chair_29",
      "parent_room": 15,
      "description": "Brown chair made of wood, used for sitting and supporting a person.",
      "bbox": [],
      "action_affordance": [
        "sit on",
        "step on",
        "clean",
        "break",
        "move"
      ]
    },
    "30": {
      "id": 30,
      "class": "chair",
      "label": "chair_30",
      "parent_room": 15,
      "description": "Brown chair made of wood, used for sitting and supporting a person.",
      "bbox": [],
      "action_affordance": [
        "sit on",
        "step on",
        "clean",
        "break",
        "move"
      ]
    },
    "31": {
      "id": 31,
      "class": "chair",
      "label": "chair_31",
      "parent_room": 23,
      "description": "Brown chair made of wood, used for sitting and supporting a person.",
      "bbox": [],
      "action_affordance": [
        "sit on",
        "step on",
        "clean",
        "break",
        "move"
      ]
    },
    "32": {
      "id": 32,
      "class": "chair",
      "label": "chair_32",
      "parent_room": 16,
      "description": "Brown chair made of wood, used for sitting and supporting a person.",
      "bbox": [],
      "action_affordance": [
        "sit on",
        "step on",
        "clean",
        "break",
        "move"
      ]
    },
    "33": {
      "id": 33,
      "class": "chair",
      "label": "chair_33",
      "parent_room": 23,
      "description": "Wooden chair made of wood, used for sitting and supporting a person.",
      "bbox": [],
      "action_affordance": [
        "sit on",
        "step on",
        "clean",
        "break",
        "move"
      ]
    },
    "34": {
      "id": 34,
      "class": "couch",
      "label": "couch_34",
      "parent_room": 17,
      "description": "Brown couch made of fabric, used for sitting and relaxing.",
      "bbox": [],
      "action_affordance": [
        "sit on",
        "lay on",
        "step on",
        "tidy",
        "clean",
        "move"
      ]
    },
    "35": {
      "id": 35,
      "class": "couch",
      "label": "couch_35",
      "parent_room": 14,
      "description": "Brown couch made of fabric, used for sitting and relaxing.",
      "bbox": [],
      "action_affordance": [
        "sit on",
        "lay on",
        "step on",
        "tidy",
        "clean",
        "move"
      ]
    },
    "36": {
      "id": 36,
      "class": "couch",
      "label": "couch_36",
      "parent_room": 19,
      "description": "Brown couch made of leather, used for sitting and relaxing.",
      "bbox": [],
      "action_affordance": [
        "sit on",
        "lay on",
        "step on",
        "tidy",
        "clean",
        "move"
      ]
    },
    "37": {
      "id": 37,
      "class": "couch",
      "label": "couch_37",
      "parent_room": 11,
      "description": "Grey couch made of fabric, used for sitting and relaxing.",
      "bbox": [],
      "action_affordance": [
        "sit on",
        "lay on",
        "step on",
        "tidy",
        "clean",
        "move"
      ]
    },
    "38": {
      "id": 38,
      "class": "couch",
      "label": "couch_38",
      "parent_room": 18,
      "description": "Brown couch made of fabric, used for sitting and relaxing.",
      "bbox": [],
      "action_affordance": [
        "sit on",
        "lay on",
        "step on",
        "tidy",
        "clean",
        "move"
      ]
    },
    "39": {
      "id": 39,
      "class": "couch",
      "label": "couch_39",
      "parent_room": 13,
      "description": "Grey couch made of fabric, used for sitting and relaxing.",
      "bbox": [],
      "action_affordance": [
        "sit on",
        "lay on",
        "step on",
        "tidy",
        "clean",
        "move"
      ]
    },
    "40": {
      "id": 40,
      "class": "couch",
      "label": "couch_40",
      "parent_room": 13,
      "description": "Grey couch made of fabric, used for sitting and relaxing.",
      "bbox": [],
      "action_affordance": [
        "sit on",
        "lay on",
        "step on",
        "tidy",
        "clean",
        "move"
      ]
    },
    "41": {
      "id": 41,
      "class": "potted plant",
      "label": "potted plant_41",
      "parent_room": 14,
      "description": "Green potted plant made of ceramic, used for decoration and bringing nature indoors.",
      "bbox": [],
      "action_affordance": [
        "water",
        "pick up",
        "move"
      ]
    },
    "42": {
      "id": 42,
      "class": "potted plant",
      "label": "potted plant_42",
      "parent_room": 17,
      "description": "Green potted plant made of ceramic, used for decoration and bringing life indoors.",
      "bbox": [],
      "action_affordance": [
        "water",
        "pick up",
        "move"
      ]
    },
    "43": {
      "id": 43,
      "class": "potted plant",
      "label": "potted plant_43",
      "parent_room": 17,
      "description": "Green potted plant made of ceramic, used for decoration and bringing life indoors.",
      "bbox": [],
      "action_affordance": [
        "water",
        "pick up",
        "move"
      ]
    },
    "44": {
      "id": 44,
      "class": "potted plant",
      "label": "potted plant_44",
      "parent_room": 18,
      "description": "Green potted plant made of ceramic, used for decoration and bringing life indoors.",
      "bbox": [],
      "action_affordance": [
        "water",
        "pick up",
        "move"
      ]
    },
    "45": {
      "id": 45,
      "class": "potted plant",
      "label": "potted plant_45",
      "parent_room": 18,
      "description": "Green potted plant made of ceramic, used for decoration and bringing nature indoors.",
      "bbox": [],
      "action_affordance": [
        "water",
        "pick up",
        "move"
      ]
    },
    "46": {
      "id": 46,
      "class": "potted plant",
      "label": "potted plant_46",
      "parent_room": 18,
      "description": "Green potted plant made of ceramic, used for decoration and bringing nature indoors.",
      "bbox": [],
      "action_affordance": [
        "water",
        "pick up",
        "move"
      ]
    },
    "47": {
      "id": 47,
      "class": "potted plant",
      "label": "potted plant_47",
      "parent_room": 18,
      "description": "Green potted plant made of ceramic, used for decoration and bringing life indoors.",
      "bbox": [],
      "action_affordance": [
        "water",
        "pick up",
        "move"
      ]
    },
    "48": {
      "id": 48,
      "class": "potted plant",
      "label": "potted plant_48",
      "parent_room": 4,
      "description": "Green potted plant made of ceramic, used for decoration and bringing life indoors.",
      "bbox": [],
      "action_affordance": [
        "water",
        "pick up",
        "move"
      ]
    },
    "49": {
      "id": 49,
      "class": "potted plant",
      "label": "potted plant_49",
      "parent_room": 6,
      "description": "Green potted plant made of ceramic, used for decoration and bringing nature indoors.",
      "bbox": [],
      "action_affordance": [
        "water",
        "pick up",
        "move"
      ]
    },
    "50": {
      "id": 50,
      "class": "potted plant",
      "label": "potted plant_50",
      "parent_room": 6,
      "description": "Green potted plant made of ceramic, used for decoration and bringing nature indoors.",
      "bbox": [],
      "action_affordance": [
        "water",
        "pick up",
        "move"
      ]
    },
    "51": {
      "id": 51,
      "class": "potted plant",
      "label": "potted plant_51",
      "parent_room": 3,
      "description": "Green potted plant made of ceramic, used for decoration and bringing life indoors.",
      "bbox": [],
      "action_affordance": [
        "water",
        "pick up",
        "move"
      ]
    },
    "52": {
      "id": 52,
      "class": "potted plant",
      "label": "potted plant_52",
      "parent_room": 3,
      "description": "Green potted plant made of ceramic, used for decoration and bringing nature indoors.",
      "bbox": [],
      "action_affordance": [
        "water",
        "pick up",
        "move"
      ]
    },
    "53": {
      "id": 53,
      "class": "potted plant",
      "label": "potted plant_53",
      "parent_room": 17,
      "description": "Green potted plant made of ceramic, used for decoration and bringing nature indoors.",
      "bbox": [],
      "action_affordance": [
        "water",
        "pick up",
        "move"
      ]
    },
    "54": {
      "id": 54,
      "class": "potted plant",
      "label": "potted plant_54",
      "parent_room": 3,
      "description": "Green potted plant made of ceramic, used for decoration and bringing nature indoors.",
      "bbox": [],
      "action_affordance": [
        "water",
        "pick up",
        "move"
      ]
    },
    "55": {
      "id": 55,
      "class": "bed",
      "label": "bed_55",
      "parent_room": 5,
      "description": "Cream bed made of wood, used for resting and sleeping.",
      "bbox": [],
      "action_affordance": [
        "make",
        "sit on",
        "step on",
        "lay on",
        "move"
      ]
    },
    "56": {
      "id": 56,
      "class": "bed",
      "label": "bed_56",
      "parent_room": 6,
      "description": "Cream bed made of wood, used for resting and sleeping.",
      "bbox": [],
      "action_affordance": [
        "make",
        "sit on",
        "step on",
        "lay on",
        "move"
      ]
    },
    "57": {
      "id": 57,
      "class": "bed",
      "label": "bed_57",
      "parent_room": 7,
      "description": "Cream bed made of wood, used for resting and sleeping.",
      "bbox": [],
      "action_affordance": [
        "make",
        "sit on",
        "step on",
        "lay on",
        "move"
      ]
    },
    "58": {
      "id": 58,
      "class": "bed",
      "label": "bed_58",
      "parent_room": 18,
      "description": "Cream bed made of wood, used for resting and sleeping.",
      "bbox": [],
      "action_affordance": [
        "make",
        "sit on",
        "step on",
        "lay on",
        "move"
      ]
    },
    "59": {
      "id": 59,
      "class": "dining table",
      "label": "dining table_59",
      "parent_room": 12,
      "description": "Brown dining table made of wood, used for eating meals and hosting gatherings.",
      "bbox": [],
      "action_affordance": [
        "sit at",
        "lay on",
        "pick up",
        "move",
        "clean",
        "set",
        "decorate"
      ]
    },
    "60": {
      "id": 60,
      "class": "dining table",
      "label": "dining table_60",
      "parent_room": 12,
      "description": "Wooden dining table made of wood, used for eating meals and gathering with family.",
      "bbox": [],
      "action_affordance": [
        "sit at",
        "lay on",
        "pick up",
        "move",
        "clean",
        "set",
        "decorate"
      ]
    },
    "61": {
      "id": 61,
      "class": "dining table",
      "label": "dining table_61",
      "parent_room": 12,
      "description": "Brown dining table made of wood, used for eating meals and hosting gatherings.",
      "bbox": [],
      "action_affordance": [
        "sit at",
        "lay on",
        "pick up",
        "move",
        "clean",
        "set",
        "decorate"
      ]
    },
    "62": {
      "id": 62,
      "class": "toilet",
      "label": "toilet_62",
      "parent_room": 4,
      "description": "White toilet made of porcelain, used for relieving oneself and maintaining hygiene.",
      "bbox": [],
      "action_affordance": [
        "sit on",
        "clean",
        "flush",
        "close",
        "open"
      ]
    },
    "63": {
      "id": 63,
      "class": "toilet",
      "label": "toilet_63",
      "parent_room": 3,
      "description": "White toilet made of porcelain, used for relieving oneself and maintaining hygiene.",
      "bbox": [],
      "action_affordance": [
        "sit on",
        "clean",
        "flush",
        "close",
        "open"
      ]
    },
    "64": {
      "id": 64,
      "class": "toilet",
      "label": "toilet_64",
      "parent_room": 1,
      "description": "White toilet made of porcelain, used for relieving oneself and maintaining hygiene.",
      "bbox": [],
      "action_affordance": [
        "sit on",
        "clean",
        "flush",
        "close",
        "open"
      ]
    },
    "65": {
      "id": 65,
      "class": "toilet",
      "label": "toilet_65",
      "parent_room": 2,
      "description": "White toilet made of porcelain, used for relieving oneself and maintaining hygiene.",
      "bbox": [],
      "action_affordance": [
        "sit on",
        "clean",
        "flush",
        "close",
        "open"
      ]
    },
    "66": {
      "id": 66,
      "class": "tv",
      "label": "tv_66",
      "parent_room": 18,
      "description": "Black TV made of plastic and glass, used for watching movies and television shows.",
      "bbox": [],
      "action_affordance": [
        "turn on",
        "turn off",
        "look at",
        "move",
        "plug"
      ]
    },
    "67": {
      "id": 67,
      "class": "tv",
      "label": "tv_67",
      "parent_room": 13,
      "description": "Black TV made of plastic and glass, used for watching movies and shows.",
      "bbox": [],
      "action_affordance": [
        "turn on",
        "turn off",
        "look at",
        "move",
        "plug"
      ]
    },
    "68": {
      "id": 68,
      "class": "tv",
      "label": "tv_68",
      "parent_room": 6,
      "description": "Black TV made of plastic and glass, used for watching movies and television shows.",
      "bbox": [],
      "action_affordance": [
        "turn on",
        "turn off",
        "look at",
        "move",
        "plug"
      ]
    },
    "69": {
      "id": 69,
      "class": "keyboard",
      "label": "keyboard_69",
      "parent_room": 14,
      "description": "Black keyboard made of plastic, used for typing and inputting commands.",
      "bbox": [],
      "action_affordance": [
        "touch",
        "press",
        "move",
        "pick up",
        "clean"
      ]
    },
    "70": {
      "id": 70,
      "class": "keyboard",
      "label": "keyboard_70",
      "parent_room": 13,
      "description": "Black keyboard made of plastic, used for typing and inputting text.",
      "bbox": [],
      "action_affordance": [
        "touch",
        "press",
        "move",
        "pick up",
        "clean"
      ]
    },
    "71": {
      "id": 71,
      "class": "keyboard",
      "label": "keyboard_71",
      "parent_room": 13,
      "description": "Black keyboard made of plastic, used for typing and inputting text.",
      "bbox": [],
      "action_affordance": [
        "touch",
        "press",
        "move",
        "pick up",
        "clean"
      ]
    },
    "72": {
      "id": 72,
      "class": "keyboard",
      "label": "keyboard_72",
      "parent_room": 13,
      "description": "Black keyboard made of plastic, used for typing and entering data.",
      "bbox": [],
      "action_affordance": [
        "touch",
        "press",
        "move",
        "pick up",
        "clean"
      ]
    },
    "73": {
      "id": 73,
      "class": "microwave",
      "label": "microwave_73",
      "parent_room": 15,
      "description": "White microwave made of metal and plastic, used for heating food quickly and efficiently.",
      "bbox": [],
      "action_affordance": [
        "open",
        "close",
        "cook",
        "heat",
        "defrost",
        "clean"
      ]
    },
    "74": {
      "id": 74,
      "class": "microwave",
      "label": "microwave_74",
      "parent_room": 15,
      "description": "White microwave made of metal and plastic, used for heating food quickly.",
      "bbox": [],
      "action_affordance": [
        "open",
        "close",
        "cook",
        "heat",
        "defrost",
        "clean"
      ]
    },
    "75": {
      "id": 75,
      "class": "oven",
      "label": "oven_75",
      "parent_room": 16,
      "description": "Shiny silver oven made of metal, used for baking and cooking food.",
      "bbox": [],
      "action_affordance": [
        "open",
        "close",
        "heat",
        "turn on",
        "turn off",
        "clean"
      ]
    },
    "76": {
      "id": 76,
      "class": "oven",
      "label": "oven_76",
      "parent_room": 15,
      "description": "Red oven made of steel, used for baking and cooking food to a high temperature.",
      "bbox": [],
      "action_affordance": [
        "open",
        "close",
        "heat",
        "turn on",
        "turn off",
        "clean"
      ]
    },
    "77": {
      "id": 77,
      "class": "sink",
      "label": "sink_77",
      "parent_room": 15,
      "description": "White sink made of porcelain, used for washing dishes and cleaning hands.",
      "bbox": [],
      "action_affordance": [
        "wash",
        "clean"
      ]
    },
    "78": {
      "id": 78,
      "class": "sink",
      "label": "sink_78",
      "parent_room": 1,
      "description": "White sink made of porcelain, used for washing dishes and cleaning hands.",
      "bbox": [],
      "action_affordance": [
        "wash",
        "clean"
      ]
    },
    "79": {
      "id": 79,
      "class": "refrigerator",
      "label": "refrigerator_79",
      "parent_room": 16,
      "description": "White refrigerator made of steel, used for storing and preserving food at cold temperatures.",
      "bbox": [],
      "action_affordance": [
        "open",
        "close",
        "clean",
        "move"
      ]
    },
    "80": {
      "id": 80,
      "class": "refrigerator",
      "label": "refrigerator_80",
      "parent_room": 23,
      "description": "White refrigerator made of steel, used for storing and preserving food at cold temperatures.",
      "bbox": [],
      "action_affordance": [
        "open",
        "close",
        "clean",
        "move"
      ]
    },
    "81": {
      "id": 81,
      "class": "book",
      "label": "book_81",
      "parent_room": 14,
      "description": "Brown book made of paper, used for reading and learning information.",
      "bbox": [],
      "action_affordance": [
        "open",
        "close",
        "read",
        "borrow",
        "lend"
      ]
    },
    "82": {
      "id": 82,
      "class": "book",
      "label": "book_82",
      "parent_room": 14,
      "description": "Brown book made of paper, used for reading and learning information.",
      "bbox": [],
      "action_affordance": [
        "open",
        "close",
        "read",
        "borrow",
        "lend"
      ]
    },
    "83": {
      "id": 83,
      "class": "book",
      "label": "book_83",
      "parent_room": 14,
      "description": "Brown book made of paper, used for reading and learning information.",
      "bbox": [],
      "action_affordance": [
        "open",
        "close",
        "read",
        "borrow",
        "lend"
      ]
    },
    "84": {
      "id": 84,
      "class": "book",
      "label": "book_84",
      "parent_room": 18,
      "description": "Brown book made of paper, used for reading and learning information.",
      "bbox": [],
      "action_affordance": [
        "open",
        "close",
        "read",
        "borrow",
        "lend"
      ]
    },
    "85": {
      "id": 85,
      "class": "clock",
      "label": "clock_85",
      "parent_room": 14,
      "description": "Silver clock made of metal, used for telling time.",
      "bbox": [],
      "action_affordance": [
        "look at",
        "set",
        "hang",
        "place"
      ]
    },
    "86": {
      "id": 86,
      "class": "vase",
      "label": "vase_86",
      "parent_room": 18,
      "description": "White vase made of ceramic, used for holding flowers or decorative items.",
      "bbox": [],
      "action_affordance": [
        "fill",
        "pick up",
        "break",
        "clean"
      ]
    },
    "87": {
      "id": 87,
      "class": "vase",
      "label": "vase_87",
      "parent_room": 12,
      "description": "Cream vase made of ceramic, used for holding flowers or displaying decorative items.",
      "bbox": [],
      "action_affordance": [
        "fill",
        "pick up",
        "break",
        "clean"
      ]
    },
    "88": {
      "id": 88,
      "class": "vase",
      "label": "vase_88",
      "parent_room": 12,
      "description": "Ceramic vase made of ceramic, used for displaying flowers or decorative items.",
      "bbox": [],
      "action_affordance": [
        "fill",
        "pick up",
        "break",
        "clean"
      ]
    },
    "89": {
      "id": 89,
      "class": "vase",
      "label": "vase_89",
      "parent_room": 15,
      "description": "Cream vase made of ceramic, used for displaying flowers or holding decorative items.",
      "bbox": [],
      "action_affordance": [
        "fill",
        "pick up",
        "break",
        "clean"
      ]
    },
    "90": {
      "id": 90,
      "class": "vase",
      "label": "vase_90",
      "parent_room": 16,
      "description": "Ceramic vase made of ceramic, used for holding flowers or displaying decorative items.",
      "bbox": [],
      "action_affordance": [
        "fill",
        "pick up",
        "break",
        "clean"
      ]
    },
    "91": {
      "id": 91,
      "class": "vase",
      "label": "vase_91",
      "parent_room": 12,
      "description": "Cream vase made of ceramic, used for holding flowers or decorative items.",
      "bbox": [],
      "action_affordance": [
        "fill",
        "pick up",
        "break",
        "clean"
      ]
    },
    "92": {
      "id": 92,
      "class": "vase",
      "label": "vase_92",
      "parent_room": 12,
      "description": "White vase made of ceramic, used for holding flowers or decorative items.",
      "bbox": [],
      "action_affordance": [
        "fill",
        "pick up",
        "break",
        "clean"
      ]
    },
    "93": {
      "id": 93,
      "class": "vase",
      "label": "vase_93",
      "parent_room": 12,
      "description": "Cream vase made of ceramic, used for holding flowers or decorative items.",
      "bbox": [],
      "action_affordance": [
        "fill",
        "pick up",
        "break",
        "clean"
      ]
    },
    "94": {
      "id": 94,
      "class": "vase",
      "label": "vase_94",
      "parent_room": 3,
      "description": "Ceramic vase made of ceramic, used for holding flowers or displaying decorative items.",
      "bbox": [],
      "action_affordance": [
        "fill",
        "pick up",
        "break",
        "clean"
      ]
    },
    "95": {
      "id": 95,
      "class": "vase",
      "label": "vase_95",
      "parent_room": 18,
      "description": "White vase made of ceramic, used for holding flowers or decorative items.",
      "bbox": [],
      "action_affordance": [
        "fill",
        "pick up",
        "break",
        "clean"
      ]
    },
    "96": {
      "id": 96,
      "class": "vase",
      "label": "vase_96",
      "parent_room": 4,
      "description": "Ceramic vase made of ceramic, used for holding flowers and decorative arrangements.",
      "bbox": [],
      "action_affordance": [
        "fill",
        "pick up",
        "break",
        "clean"
      ]
    },
    "97": {
      "id": 97,
      "class": "apple",
      "label": "apple_97",
      "parent_room": 13,
      "description": "Red apple made of fruit, used for eating and snacking.",
      "bbox": [],
      "action_affordance": []
    },
    "98": {
      "id": 98,
      "class": "apple",
      "label": "apple_98",
      "parent_room": 17,
      "description": "Red apple made of fruit, used for eating and snacking.",
      "bbox": [],
      "action_affordance": []
    },
    "99": {
      "id": 99,
      "class": "apple",
      "label": "apple_99",
      "parent_room": 5,
      "description": "Red apple made of fruit, used for eating and snacking.",
      "bbox": [],
      "action_affordance": []
    },
    "100": {
      "id": 100,
      "class": "apple",
      "label": "apple_100",
      "parent_room": 19,
      "description": "Red apple made of fruit, used for eating and snacking.",
      "bbox": [],
      "action_affordance": []
    },
    "101": {
      "id": 101,
      "class": "fridge",
      "label": "fridge_101",
      "parent_room": 16,
      "description": "White fridge made of steel, used for storing and preserving food at cold temperatures.",
      "bbox": [],
      "action_affordance": []
    }
  }
}