{
  "scene_info": {
    "total_rooms": 14,
    "total_objects": 55
  },
  "rooms": {
    "1": {
      "id": 1,
      "category": "bathroom",
      "label": "bathroom_1",
      "bbox": [],
      "objects_in_room": [
        4,
        14,
        16,
        55
      ]
    },
    "2": {
      "id": 2,
      "category": "bathroom",
      "label": "bathroom_2",
      "bbox": [],
      "objects_in_room": [
        5,
        10,
        13,
        15,
        48
      ]
    },
    "3": {
      "id": 3,
      "category": "bedroom",
      "label": "bedroom_3",
      "bbox": [],
      "objects_in_room": [
        12,
        33,
        37,
        38,
        44,
        45,
        46,
        49,
        51,
        54
      ]
    },
    "4": {
      "id": 4,
      "category": "corridor",
      "label": "corridor_4",
      "bbox": [],
      "objects_in_room": [
        53
      ]
    },
    "5": {
      "id": 5,
      "category": "dining_room",
      "label": "dining_room_5",
      "bbox": [],
      "objects_in_room": [
        20,
        21,
        22,
        23,
        24,
        50
      ]
    },
    "6": {
      "id": 6,
      "category": "empty_room",
      "label": "empty_room_6",
      "bbox": [],
      "objects_in_room": []
    },
    "7": {
      "id": 7,
      "category": "empty_room",
      "label": "empty_room_7",
      "bbox": [],
      "objects_in_room": []
    },
    "8": {
      "id": 8,
      "category": "empty_room",
      "label": "empty_room_8",
      "bbox": [],
      "objects_in_room": []
    },
    "9": {
      "id": 9,
      "category": "home_office",
      "label": "home_office_9",
      "bbox": [],
      "objects_in_room": [
        8,
        25,
        26,
        27,
        28,
        29,
        47
      ]
    },
    "10": {
      "id": 10,
      "category": "kitchen",
      "label": "kitchen_10",
      "bbox": [],
      "objects_in_room": [
        1,
        2,
        3,
        6,
        9,
        18,
        19,
        42,
        43
      ]
    },
    "11": {
      "id": 11,
      "category": "living_room",
      "label": "living_room_11",
      "bbox": [],
      "objects_in_room": [
        7,
        17,
        32,
        35,
        52
      ]
    },
    "12": {
      "id": 12,
      "category": "living_room",
      "label": "living_room_12",
      "bbox": [],
      "objects_in_room": [
        11,
        30,
        31,
        36,
        39,
        40,
        41
      ]
    },
    "13": {
      "id": 13,
      "category": "staircase",
      "label": "staircase_13",
      "bbox": [],
      "objects_in_room": []
    },
    "14": {
      "id": 14,
      "category": "storage_room",
      "label": "storage_room_14",
      "bbox": [],
      "objects_in_room": []
    }
  },
  "objects": {
    "1": {
      "id": 1,
      "class": "oven",
      "label": "oven_1",
      "parent_room": 10,
      "description": "Red oven made of metal, used for baking and cooking food to high temperatures.",
      "bbox": [],
      "action_affordance": [
        "open",
        "close",
        "heat",
        "turn on",
        "turn off",
        "clean"
      ]
    },
    "2": {
      "id": 2,
      "class": "oven",
      "label": "oven_2",
      "parent_room": 10,
      "description": "Red oven made of steel, used for baking and heating food.",
      "bbox": [],
      "action_affordance": [
        "open",
        "close",
        "heat",
        "turn on",
        "turn off",
        "clean"
      ]
    },
    "3": {
      "id": 3,
      "class": "sink",
      "label": "sink_3",
      "parent_room": 10,
      "description": "White sink made of porcelain, used for washing dishes and cleaning.",
      "bbox": [],
      "action_affordance": [
        "wash",
        "clean"
      ]
    },
    "4": {
      "id": 4,
      "class": "sink",
      "label": "sink_4",
      "parent_room": 1,
      "description": "White sink made of porcelain, used for washing dishes and hands.",
      "bbox": [],
      "action_affordance": [
        "wash",
        "clean"
      ]
    },
    "5": {
      "id": 5,
      "class": "sink",
      "label": "sink_5",
      "parent_room": 2,
      "description": "White sink made of porcelain, used for washing dishes and hands.",
      "bbox": [],
      "action_affordance": [
        "wash",
        "clean"
      ]
    },
    "6": {
      "id": 6,
      "class": "refrigerator",
      "label": "refrigerator_6",
      "parent_room": 10,
      "description": "White refrigerator made of steel, used for storing and preserving food at cold temperatures.",
      "bbox": [],
      "action_affordance": [
        "open",
        "close",
        "clean",
        "move"
      ]
    },
    "7": {
      "id": 7,
      "class": "book",
      "label": "book_7",
      "parent_room": 11,
      "description": "Brown book made of paper, used for reading and storing information.",
      "bbox": [],
      "action_affordance": [
        "open",
        "close",
        "read",
        "borrow",
        "lend"
      ]
    },
    "8": {
      "id": 8,
      "class": "book",
      "label": "book_8",
      "parent_room": 9,
      "description": "Brown book made of paper, used for reading and learning information.",
      "bbox": [],
      "action_affordance": [
        "open",
        "close",
        "read",
        "borrow",
        "lend"
      ]
    },
    "9": {
      "id": 9,
      "class": "cup",
      "label": "cup_9",
      "parent_room": 10,
      "description": "White cup made of ceramic, used for drinking beverages.",
      "bbox": [],
      "action_affordance": [
        "grab",
        "drink from",
        "hold",
        "clean",
        "pour in",
        "set on"
      ]
    },
    "10": {
      "id": 10,
      "class": "cup",
      "label": "cup_10",
      "parent_room": 2,
      "description": "White cup made of ceramic, used for drinking beverages.",
      "bbox": [],
      "action_affordance": [
        "grab",
        "drink from",
        "hold",
        "clean",
        "pour in",
        "set on"
      ]
    },
    "11": {
      "id": 11,
      "class": "vase",
      "label": "vase_11",
      "parent_room": 12,
      "description": "White vase made of ceramic, used for holding flowers or decorative items.",
      "bbox": [],
      "action_affordance": [
        "fill",
        "pick up",
        "break",
        "clean"
      ]
    },
    "12": {
      "id": 12,
      "class": "bench",
      "label": "bench_12",
      "parent_room": 3,
      "description": "Wooden bench made of wood, used for sitting and resting.",
      "bbox": [],
      "action_affordance": [
        "sit on",
        "step on",
        "lay on",
        "pick up",
        "clean"
      ]
    },
    "13": {
      "id": 13,
      "class": "toilet",
      "label": "toilet_13",
      "parent_room": 2,
      "description": "White toilet made of porcelain, used for relieving oneself and maintaining hygiene.",
      "bbox": [],
      "action_affordance": [
        "sit on",
        "clean",
        "flush",
        "close",
        "open"
      ]
    },
    "14": {
      "id": 14,
      "class": "toilet",
      "label": "toilet_14",
      "parent_room": 1,
      "description": "White toilet made of porcelain, used for relieving oneself and maintaining hygiene.",
      "bbox": [],
      "action_affordance": [
        "sit on",
        "clean",
        "flush",
        "close",
        "open"
      ]
    },
    "15": {
      "id": 15,
      "class": "toilet",
      "label": "toilet_15",
      "parent_room": 2,
      "description": "White toilet made of porcelain, used for relieving oneself and maintaining hygiene.",
      "bbox": [],
      "action_affordance": [
        "sit on",
        "clean",
        "flush",
        "close",
        "open"
      ]
    },
    "16": {
      "id": 16,
      "class": "toilet",
      "label": "toilet_16",
      "parent_room": 1,
      "description": "White toilet made of porcelain, used for disposing of waste.",
      "bbox": [],
      "action_affordance": [
        "sit on",
        "clean",
        "flush",
        "close",
        "open"
      ]
    },
    "17": {
      "id": 17,
      "class": "chair",
      "label": "chair_17",
      "parent_room": 11,
      "description": "Wooden chair made of wood, used for sitting and supporting a person.",
      "bbox": [],
      "action_affordance": [
        "sit on",
        "step on",
        "clean",
        "break",
        "move"
      ]
    },
    "18": {
      "id": 18,
      "class": "chair",
      "label": "chair_18",
      "parent_room": 10,
      "description": "Brown chair made of wood, used for sitting and resting.",
      "bbox": [],
      "action_affordance": [
        "sit on",
        "step on",
        "clean",
        "break",
        "move"
      ]
    },
    "19": {
      "id": 19,
      "class": "chair",
      "label": "chair_19",
      "parent_room": 10,
      "description": "Brown chair made of wood, used for sitting and resting.",
      "bbox": [],
      "action_affordance": [
        "sit on",
        "step on",
        "clean",
        "break",
        "move"
      ]
    },
    "20": {
      "id": 20,
      "class": "chair",
      "label": "chair_20",
      "parent_room": 5,
      "description": "Brown wooden chair, made of wood, used for sitting and supporting a person.",
      "bbox": [],
      "action_affordance": [
        "sit on",
        "step on",
        "clean",
        "break",
        "move"
      ]
    },
    "21": {
      "id": 21,
      "class": "chair",
      "label": "chair_21",
      "parent_room": 5,
      "description": "Brown chair made of wood, used for sitting and supporting weight.",
      "bbox": [],
      "action_affordance": [
        "sit on",
        "step on",
        "clean",
        "break",
        "move"
      ]
    },
    "22": {
      "id": 22,
      "class": "chair",
      "label": "chair_22",
      "parent_room": 5,
      "description": "Brown chair made of wood, used for sitting and supporting a person.",
      "bbox": [],
      "action_affordance": [
        "sit on",
        "step on",
        "clean",
        "break",
        "move"
      ]
    },
    "23": {
      "id": 23,
      "class": "chair",
      "label": "chair_23",
      "parent_room": 5,
      "description": "Wooden chair made of wood, used for sitting and supporting a person.",
      "bbox": [],
      "action_affordance": [
        "sit on",
        "step on",
        "clean",
        "break",
        "move"
      ]
    },
    "24": {
      "id": 24,
      "class": "chair",
      "label": "chair_24",
      "parent_room": 5,
      "description": "Brown chair made of wood, used for sitting and supporting a person.",
      "bbox": [],
      "action_affordance": [
        "sit on",
        "step on",
        "clean",
        "break",
        "move"
      ]
    },
    "25": {
      "id": 25,
      "class": "chair",
      "label": "chair_25",
      "parent_room": 9,
      "description": "Brown chair made of wood, used for sitting and supporting a person.",
      "bbox": [],
      "action_affordance": [
        "sit on",
        "step on",
        "clean",
        "break",
        "move"
      ]
    },
    "26": {
      "id": 26,
      "class": "chair",
      "label": "chair_26",
      "parent_room": 9,
      "description": "Brown chair made of wood, used for sitting and supporting a person.",
      "bbox": [],
      "action_affordance": [
        "sit on",
        "step on",
        "clean",
        "break",
        "move"
      ]
    },
    "27": {
      "id": 27,
      "class": "chair",
      "label": "chair_27",
      "parent_room": 9,
      "description": "Wooden chair made of wood, used for sitting and supporting a person.",
      "bbox": [],
      "action_affordance": [
        "sit on",
        "step on",
        "clean",
        "break",
        "move"
      ]
    },
    "28": {
      "id": 28,
      "class": "chair",
      "label": "chair_28",
      "parent_room": 9,
      "description": "Brown chair made of wood, used for sitting and resting.",
      "bbox": [],
      "action_affordance": [
        "sit on",
        "step on",
        "clean",
        "break",
        "move"
      ]
    },
    "29": {
      "id": 29,
      "class": "chair",
      "label": "chair_29",
      "parent_room": 9,
      "description": "Brown chair made of wood, used for sitting and supporting a person.",
      "bbox": [],
      "action_affordance": [
        "sit on",
        "step on",
        "clean",
        "break",
        "move"
      ]
    },
    "30": {
      "id": 30,
      "class": "chair",
      "label": "chair_30",
      "parent_room": 12,
      "description": "Brown chair made of wood, used for sitting and supporting a person.",
      "bbox": [],
      "action_affordance": [
        "sit on",
        "step on",
        "clean",
        "break",
        "move"
      ]
    },
    "31": {
      "id": 31,
      "class": "chair",
      "label": "chair_31",
      "parent_room": 12,
      "description": "Wooden chair made of wood, used for sitting and providing support.",
      "bbox": [],
      "action_affordance": [
        "sit on",
        "step on",
        "clean",
        "break",
        "move"
      ]
    },
    "32": {
      "id": 32,
      "class": "chair",
      "label": "chair_32",
      "parent_room": 11,
      "description": "Brown chair made of wood, used for sitting and supporting a person.",
      "bbox": [],
      "action_affordance": [
        "sit on",
        "step on",
        "clean",
        "break",
        "move"
      ]
    },
    "33": {
      "id": 33,
      "class": "chair",
      "label": "chair_33",
      "parent_room": 3,
      "description": "Wooden chair made of wood, used for sitting and supporting a person.",
      "bbox": [],
      "action_affordance": [
        "sit on",
        "step on",
        "clean",
        "break",
        "move"
      ]
    },
    "34": {
      "id": 34,
      "class": "chair",
      "label": "chair_34",
      "parent_room": null,
      "description": "Brown chair made of wood, used for sitting and supporting a person.",
      "bbox": [],
      "action_affordance": [
        "sit on",
        "step on",
        "clean",
        "break",
        "move"
      ]
    },
    "35": {
      "id": 35,
      "class": "couch",
      "label": "couch_35",
      "parent_room": 11,
      "description": "Brown couch made of leather, used for sitting and relaxing.",
      "bbox": [],
      "action_affordance": [
        "sit on",
        "lay on",
        "step on",
        "tidy",
        "clean",
        "move"
      ]
    },
    "36": {
      "id": 36,
      "class": "couch",
      "label": "couch_36",
      "parent_room": 12,
      "description": "Brown couch made of leather, used for sitting and relaxing.",
      "bbox": [],
      "action_affordance": [
        "sit on",
        "lay on",
        "step on",
        "tidy",
        "clean",
        "move"
      ]
    },
    "37": {
      "id": 37,
      "class": "couch",
      "label": "couch_37",
      "parent_room": 3,
      "description": "Brown couch made of leather, used for sitting and relaxing.",
      "bbox": [],
      "action_affordance": [
        "sit on",
        "lay on",
        "step on",
        "tidy",
        "clean",
        "move"
      ]
    },
    "38": {
      "id": 38,
      "class": "couch",
      "label": "couch_38",
      "parent_room": 3,
      "description": "Grey couch made of fabric, used for sitting and relaxing.",
      "bbox": [],
      "action_affordance": [
        "sit on",
        "lay on",
        "step on",
        "tidy",
        "clean",
        "move"
      ]
    },
    "39": {
      "id": 39,
      "class": "potted plant",
      "label": "potted plant_39",
      "parent_room": 12,
      "description": "Green potted plant made of ceramic, used for decoration and bringing nature indoors.",
      "bbox": [],
      "action_affordance": [
        "water",
        "pick up",
        "move"
      ]
    },
    "40": {
      "id": 40,
      "class": "potted plant",
      "label": "potted plant_40",
      "parent_room": 12,
      "description": "Green potted plant made of ceramic, used for decoration and bringing life indoors.",
      "bbox": [],
      "action_affordance": [
        "water",
        "pick up",
        "move"
      ]
    },
    "41": {
      "id": 41,
      "class": "potted plant",
      "label": "potted plant_41",
      "parent_room": 12,
      "description": "Green potted plant made of ceramic, used for decoration and bringing life indoors.",
      "bbox": [],
      "action_affordance": [
        "water",
        "pick up",
        "move"
      ]
    },
    "42": {
      "id": 42,
      "class": "potted plant",
      "label": "potted plant_42",
      "parent_room": 10,
      "description": "Green potted plant made of ceramic, used for decoration and bringing life indoors.",
      "bbox": [],
      "action_affordance": [
        "water",
        "pick up",
        "move"
      ]
    },
    "43": {
      "id": 43,
      "class": "potted plant",
      "label": "potted plant_43",
      "parent_room": 10,
      "description": "Green potted plant made of ceramic, used for adding life and beauty to a space.",
      "bbox": [],
      "action_affordance": [
        "water",
        "pick up",
        "move"
      ]
    },
    "44": {
      "id": 44,
      "class": "potted plant",
      "label": "potted plant_44",
      "parent_room": 3,
      "description": "Green potted plant made of ceramic, used for adding life and beauty to a space.",
      "bbox": [],
      "action_affordance": [
        "water",
        "pick up",
        "move"
      ]
    },
    "45": {
      "id": 45,
      "class": "potted plant",
      "label": "potted plant_45",
      "parent_room": 3,
      "description": "Green potted plant made of ceramic, used for decoration and bringing life indoors.",
      "bbox": [],
      "action_affordance": [
        "water",
        "pick up",
        "move"
      ]
    },
    "46": {
      "id": 46,
      "class": "potted plant",
      "label": "potted plant_46",
      "parent_room": 3,
      "description": "Green potted plant made of ceramic, used for adding life and beauty to a space.",
      "bbox": [],
      "action_affordance": [
        "water",
        "pick up",
        "move"
      ]
    },
    "47": {
      "id": 47,
      "class": "potted plant",
      "label": "potted plant_47",
      "parent_room": 9,
      "description": "Green potted plant made of ceramic, used for decoration and adding life to a space.",
      "bbox": [],
      "action_affordance": [
        "water",
        "pick up",
        "move"
      ]
    },
    "48": {
      "id": 48,
      "class": "potted plant",
      "label": "potted plant_48",
      "parent_room": 2,
      "description": "Green potted plant made of ceramic, used for decoration and bringing nature indoors.",
      "bbox": [],
      "action_affordance": [
        "water",
        "pick up",
        "move"
      ]
    },
    "49": {
      "id": 49,
      "class": "bed",
      "label": "bed_49",
      "parent_room": 3,
      "description": "Cream bed made of wood, used for resting and sleeping.",
      "bbox": [],
      "action_affordance": [
        "make",
        "sit on",
        "step on",
        "lay on",
        "move"
      ]
    },
    "50": {
      "id": 50,
      "class": "dining table",
      "label": "dining table_50",
      "parent_room": 5,
      "description": "Brown dining table made of wood, used for eating meals and hosting gatherings.",
      "bbox": [],
      "action_affordance": [
        "sit at",
        "lay on",
        "pick up",
        "move",
        "clean",
        "set",
        "decorate"
      ]
    },
    "51": {
      "id": 51,
      "class": "shoes",
      "label": "shoes_51",
      "parent_room": 3,
      "description": "White shoes made of leather, used for walking and running.",
      "bbox": [],
      "action_affordance": []
    },
    "52": {
      "id": 52,
      "class": "shoes",
      "label": "shoes_52",
      "parent_room": 11,
      "description": "Brown shoes made of leather, used for walking and protecting feet.",
      "bbox": [],
      "action_affordance": []
    },
    "53": {
      "id": 53,
      "class": "shoes",
      "label": "shoes_53",
      "parent_room": 4,
      "description": "Brown shoes made of leather, used for walking and protecting feet.",
      "bbox": [],
      "action_affordance": []
    },
    "54": {
      "id": 54,
      "class": "shoes",
      "label": "shoes_54",
      "parent_room": 3,
      "description": "White shoes made of leather, used for walking and running.",
      "bbox": [],
      "action_affordance": []
    },
    "55": {
      "id": 55,
      "class": "shoe_rack",
      "label": "shoe_rack_55",
      "parent_room": 1,
      "description": "Brown shoe_rack made of wood, used for storing and organizing footwear.",
      "bbox": [],
      "action_affordance": []
    }
  }
}