{
  "scene_info": {
    "total_rooms": 11,
    "total_objects": 31
  },
  "rooms": {
    "1": {
      "id": 1,
      "category": "bathroom",
      "label": "bathroom_1",
      "bbox": [],
      "objects_in_room": [
        8,
        11,
        15,
        16,
        19,
        21,
        25
      ]
    },
    "2": {
      "id": 2,
      "category": "bathroom",
      "label": "bathroom_2",
      "bbox": [],
      "objects_in_room": [
        6,
        17
      ]
    },
    "3": {
      "id": 3,
      "category": "closet",
      "label": "closet_3",
      "bbox": [],
      "objects_in_room": [
        12,
        18,
        26,
        30
      ]
    },
    "4": {
      "id": 4,
      "category": "corridor",
      "label": "corridor_4",
      "bbox": [],
      "objects_in_room": [
        20,
        31
      ]
    },
    "5": {
      "id": 5,
      "category": "corridor",
      "label": "corridor_5",
      "bbox": [],
      "objects_in_room": [
        23,
        24
      ]
    },
    "6": {
      "id": 6,
      "category": "empty_room",
      "label": "empty_room_6",
      "bbox": [],
      "objects_in_room": [
        29
      ]
    },
    "7": {
      "id": 7,
      "category": "empty_room",
      "label": "empty_room_7",
      "bbox": [],
      "objects_in_room": [
        10
      ]
    },
    "8": {
      "id": 8,
      "category": "empty_room",
      "label": "empty_room_8",
      "bbox": [],
      "objects_in_room": [
        3,
        13,
        22,
        27
      ]
    },
    "9": {
      "id": 9,
      "category": "empty_room",
      "label": "empty_room_9",
      "bbox": [],
      "objects_in_room": [
        1,
        2,
        28
      ]
    },
    "10": {
      "id": 10,
      "category": "empty_room",
      "label": "empty_room_10",
      "bbox": [],
      "objects_in_room": [
        14
      ]
    },
    "11": {
      "id": 11,
      "category": "kitchen",
      "label": "kitchen_11",
      "bbox": [],
      "objects_in_room": [
        4,
        5,
        7,
        9
      ]
    }
  },
  "objects": {
    "1": {
      "id": 1,
      "class": "kite",
      "label": "kite_1",
      "parent_room": 9,
      "description": "Bright red kite made of nylon, used for soaring through the sky and enjoying a breezy day.",
      "bbox": [],
      "action_affordance": [
        "fly",
        "pick up"
      ]
    },
    "2": {
      "id": 2,
      "class": "kite",
      "label": "kite_2",
      "parent_room": 9,
      "description": "Bright red kite made of nylon, used for soaring through the sky on a breezy day.",
      "bbox": [],
      "action_affordance": [
        "fly",
        "pick up"
      ]
    },
    "3": {
      "id": 3,
      "class": "kite",
      "label": "kite_3",
      "parent_room": 8,
      "description": "Bright red kite made of nylon, used for soaring in the wind and enjoying outdoor recreation.",
      "bbox": [],
      "action_affordance": [
        "fly",
        "pick up"
      ]
    },
    "4": {
      "id": 4,
      "class": "microwave",
      "label": "microwave_4",
      "parent_room": 11,
      "description": "White microwave made of metal and plastic, used for heating food quickly and efficiently.",
      "bbox": [],
      "action_affordance": [
        "open",
        "close",
        "cook",
        "heat",
        "defrost",
        "clean"
      ]
    },
    "5": {
      "id": 5,
      "class": "oven",
      "label": "oven_5",
      "parent_room": 11,
      "description": "Red oven made of metal, used for baking and cooking food to heat and cook dishes.",
      "bbox": [],
      "action_affordance": [
        "open",
        "close",
        "heat",
        "turn on",
        "turn off",
        "clean"
      ]
    },
    "6": {
      "id": 6,
      "class": "sink",
      "label": "sink_6",
      "parent_room": 2,
      "description": "White sink made of porcelain, used for washing dishes and cleaning.",
      "bbox": [],
      "action_affordance": [
        "wash",
        "clean"
      ]
    },
    "7": {
      "id": 7,
      "class": "sink",
      "label": "sink_7",
      "parent_room": 11,
      "description": "White sink made of porcelain, used for washing dishes and cleaning.",
      "bbox": [],
      "action_affordance": [
        "wash",
        "clean"
      ]
    },
    "8": {
      "id": 8,
      "class": "sink",
      "label": "sink_8",
      "parent_room": 1,
      "description": "White sink made of porcelain, used for washing dishes and cleaning.",
      "bbox": [],
      "action_affordance": [
        "wash",
        "clean"
      ]
    },
    "9": {
      "id": 9,
      "class": "refrigerator",
      "label": "refrigerator_9",
      "parent_room": 11,
      "description": "White refrigerator made of steel, used for storing and preserving food at cold temperatures.",
      "bbox": [],
      "action_affordance": [
        "open",
        "close",
        "clean",
        "move"
      ]
    },
    "10": {
      "id": 10,
      "class": "refrigerator",
      "label": "refrigerator_10",
      "parent_room": 7,
      "description": "White refrigerator made of steel, used for keeping food cold and preserving freshness.",
      "bbox": [],
      "action_affordance": [
        "open",
        "close",
        "clean",
        "move"
      ]
    },
    "11": {
      "id": 11,
      "class": "refrigerator",
      "label": "refrigerator_11",
      "parent_room": 1,
      "description": "White refrigerator made of steel, used for keeping food cold and preserving freshness.",
      "bbox": [],
      "action_affordance": [
        "open",
        "close",
        "clean",
        "move"
      ]
    },
    "12": {
      "id": 12,
      "class": "refrigerator",
      "label": "refrigerator_12",
      "parent_room": 3,
      "description": "White refrigerator made of steel, used for storing and preserving food at cold temperatures.",
      "bbox": [],
      "action_affordance": [
        "open",
        "close",
        "clean",
        "move"
      ]
    },
    "13": {
      "id": 13,
      "class": "refrigerator",
      "label": "refrigerator_13",
      "parent_room": 8,
      "description": "White refrigerator made of steel, used for storing and preserving food at cold temperatures.",
      "bbox": [],
      "action_affordance": [
        "open",
        "close",
        "clean",
        "move"
      ]
    },
    "14": {
      "id": 14,
      "class": "clock",
      "label": "clock_14",
      "parent_room": 10,
      "description": "Silver clock made of metal, used for telling time.",
      "bbox": [],
      "action_affordance": [
        "look at",
        "set",
        "hang",
        "place"
      ]
    },
    "15": {
      "id": 15,
      "class": "clock",
      "label": "clock_15",
      "parent_room": 1,
      "description": "Classic clock made of wood, used for telling time and marking hours.",
      "bbox": [],
      "action_affordance": [
        "look at",
        "set",
        "hang",
        "place"
      ]
    },
    "16": {
      "id": 16,
      "class": "toilet",
      "label": "toilet_16",
      "parent_room": 1,
      "description": "White toilet made of porcelain, used for relieving oneself and maintaining hygiene.",
      "bbox": [],
      "action_affordance": [
        "sit on",
        "clean",
        "flush",
        "close",
        "open"
      ]
    },
    "17": {
      "id": 17,
      "class": "toilet",
      "label": "toilet_17",
      "parent_room": 2,
      "description": "White toilet made of porcelain, used for relieving oneself and maintaining hygiene.",
      "bbox": [],
      "action_affordance": [
        "sit on",
        "clean",
        "flush",
        "close",
        "open"
      ]
    },
    "18": {
      "id": 18,
      "class": "chair",
      "label": "chair_18",
      "parent_room": 3,
      "description": "Wooden chair made of wood, used for sitting and providing support.",
      "bbox": [],
      "action_affordance": [
        "sit on",
        "step on",
        "clean",
        "break",
        "move"
      ]
    },
    "19": {
      "id": 19,
      "class": "mop",
      "label": "mop_19",
      "parent_room": 1,
      "description": "Striped mop made of microfiber, used for cleaning floors and surfaces effectively.",
      "bbox": [],
      "action_affordance": []
    },
    "20": {
      "id": 20,
      "class": "organic_bin",
      "label": "organic_bin_20",
      "parent_room": 4,
      "description": "Brown organic_bin made of recycled plastic, used for composting food scraps and yard waste.",
      "bbox": [],
      "action_affordance": []
    },
    "21": {
      "id": 21,
      "class": "plastic_bin",
      "label": "plastic_bin_21",
      "parent_room": 1,
      "description": "Clear plastic bin made of plastic, used for storing items and organizing spaces.",
      "bbox": [],
      "action_affordance": []
    },
    "22": {
      "id": 22,
      "class": "paper_bin",
      "label": "paper_bin_22",
      "parent_room": 8,
      "description": "Gray paper_bin made of plastic, used for organizing and storing paper documents.",
      "bbox": [],
      "action_affordance": []
    },
    "23": {
      "id": 23,
      "class": "metal_bin",
      "label": "metal_bin_23",
      "parent_room": 5,
      "description": "Silver metal bin made of steel, used for storing and organizing items.",
      "bbox": [],
      "action_affordance": []
    },
    "24": {
      "id": 24,
      "class": "glass_bin",
      "label": "glass_bin_24",
      "parent_room": 5,
      "description": "Clear glass bin made of glass, used for storing and organizing waste materials.",
      "bbox": [],
      "action_affordance": []
    },
    "25": {
      "id": 25,
      "class": "cola_can",
      "label": "cola_can_25",
      "parent_room": 1,
      "description": "Silver cola_can made of aluminum, used for drinking a sweet, fizzy beverage.",
      "bbox": [],
      "action_affordance": []
    },
    "26": {
      "id": 26,
      "class": "empty_glass_bottle",
      "label": "empty_glass_bottle_26",
      "parent_room": 3,
      "description": "Clear glass bottle, made of glass, used for storing liquids or holding beverages.",
      "bbox": [],
      "action_affordance": []
    },
    "27": {
      "id": 27,
      "class": "empty_plastic_bottle",
      "label": "empty_plastic_bottle_27",
      "parent_room": 8,
      "description": "Clear plastic bottle made of plastic, used for holding and dispensing liquids.",
      "bbox": [],
      "action_affordance": []
    },
    "28": {
      "id": 28,
      "class": "full_glass_bottle",
      "label": "full_glass_bottle_28",
      "parent_room": 9,
      "description": "Clear full_glass_bottle made of glass, used for storing liquids like water or juice.",
      "bbox": [],
      "action_affordance": []
    },
    "29": {
      "id": 29,
      "class": "banana_peel",
      "label": "banana_peel_29",
      "parent_room": 6,
      "description": "Yellow banana peel made of organic material, used for slipping and causing a comical fall.",
      "bbox": [],
      "action_affordance": []
    },
    "30": {
      "id": 30,
      "class": "rotting_apple",
      "label": "rotting_apple_30",
      "parent_room": 3,
      "description": "Rotting apple made of flesh and skin, used for providing a source of decay and nutrients.",
      "bbox": [],
      "action_affordance": []
    },
    "31": {
      "id": 31,
      "class": "bucket",
      "label": "bucket_31",
      "parent_room": 4,
      "description": "Red bucket made of plastic, used for carrying water or tools.",
      "bbox": [],
      "action_affordance": []
    }
  }
}