{
  "scene_info": {
    "total_rooms": 28,
    "total_objects": 85
  },
  "rooms": {
    "1": {
      "id": 1,
      "category": "bathroom",
      "label": "bathroom_1",
      "bbox": [],
      "objects_in_room": [
        57,
        71
      ]
    },
    "2": {
      "id": 2,
      "category": "bathroom",
      "label": "bathroom_2",
      "bbox": [],
      "objects_in_room": [
        37,
        38,
        67
      ]
    },
    "3": {
      "id": 3,
      "category": "bathroom",
      "label": "bathroom_3",
      "bbox": [],
      "objects_in_room": [
        59,
        68
      ]
    },
    "4": {
      "id": 4,
      "category": "bathroom",
      "label": "bathroom_4",
      "bbox": [],
      "objects_in_room": [
        48,
        58,
        74
      ]
    },
    "5": {
      "id": 5,
      "category": "bathroom",
      "label": "bathroom_5",
      "bbox": [],
      "objects_in_room": [
        39,
        56,
        70,
        81
      ]
    },
    "6": {
      "id": 6,
      "category": "bedroom",
      "label": "bedroom_6",
      "bbox": [],
      "objects_in_room": []
    },
    "7": {
      "id": 7,
      "category": "bedroom",
      "label": "bedroom_7",
      "bbox": [],
      "objects_in_room": [
        5,
        6,
        7,
        8,
        9,
        23,
        29,
        34,
        46,
        47,
        52,
        82
      ]
    },
    "8": {
      "id": 8,
      "category": "bedroom",
      "label": "bedroom_8",
      "bbox": [],
      "objects_in_room": []
    },
    "9": {
      "id": 9,
      "category": "bedroom",
      "label": "bedroom_9",
      "bbox": [],
      "objects_in_room": [
        35,
        36,
        51,
        78
      ]
    },
    "10": {
      "id": 10,
      "category": "closet",
      "label": "closet_10",
      "bbox": [],
      "objects_in_room": []
    },
    "11": {
      "id": 11,
      "category": "closet",
      "label": "closet_11",
      "bbox": [],
      "objects_in_room": []
    },
    "12": {
      "id": 12,
      "category": "corridor",
      "label": "corridor_12",
      "bbox": [],
      "objects_in_room": []
    },
    "13": {
      "id": 13,
      "category": "corridor",
      "label": "corridor_13",
      "bbox": [],
      "objects_in_room": []
    },
    "14": {
      "id": 14,
      "category": "corridor",
      "label": "corridor_14",
      "bbox": [],
      "objects_in_room": [
        75
      ]
    },
    "15": {
      "id": 15,
      "category": "dining_room",
      "label": "dining_room_15",
      "bbox": [],
      "objects_in_room": [
        15,
        16,
        17,
        53
      ]
    },
    "16": {
      "id": 16,
      "category": "dining_room",
      "label": "dining_room_16",
      "bbox": [],
      "objects_in_room": [
        18,
        19,
        20,
        21,
        22,
        49,
        50,
        54
      ]
    },
    "17": {
      "id": 17,
      "category": "dining_room",
      "label": "dining_room_17",
      "bbox": [],
      "objects_in_room": [
        4,
        24,
        25,
        26,
        55,
        61,
        85
      ]
    },
    "18": {
      "id": 18,
      "category": "home_office",
      "label": "home_office_18",
      "bbox": [],
      "objects_in_room": [
        30,
        60
      ]
    },
    "19": {
      "id": 19,
      "category": "kitchen",
      "label": "kitchen_19",
      "bbox": [],
      "objects_in_room": [
        62,
        66,
        69,
        77
      ]
    },
    "20": {
      "id": 20,
      "category": "kitchen",
      "label": "kitchen_20",
      "bbox": [],
      "objects_in_room": [
        3,
        42,
        43,
        44,
        63,
        64,
        65,
        72,
        73,
        76,
        83
      ]
    },
    "21": {
      "id": 21,
      "category": "living_room",
      "label": "living_room_21",
      "bbox": [],
      "objects_in_room": [
        32
      ]
    },
    "22": {
      "id": 22,
      "category": "living_room",
      "label": "living_room_22",
      "bbox": [],
      "objects_in_room": [
        10,
        11,
        12,
        13,
        14,
        31,
        79,
        80
      ]
    },
    "23": {
      "id": 23,
      "category": "living_room",
      "label": "living_room_23",
      "bbox": [],
      "objects_in_room": [
        27,
        28,
        33,
        40,
        41,
        84
      ]
    },
    "24": {
      "id": 24,
      "category": "lobby",
      "label": "lobby_24",
      "bbox": [],
      "objects_in_room": [
        1
      ]
    },
    "25": {
      "id": 25,
      "category": "playroom",
      "label": "playroom_25",
      "bbox": [],
      "objects_in_room": [
        2
      ]
    },
    "26": {
      "id": 26,
      "category": "staircase",
      "label": "staircase_26",
      "bbox": [],
      "objects_in_room": []
    },
    "27": {
      "id": 27,
      "category": "staircase",
      "label": "staircase_27",
      "bbox": [],
      "objects_in_room": []
    },
    "28": {
      "id": 28,
      "category": "staircase",
      "label": "staircase_28",
      "bbox": [],
      "objects_in_room": [
        45
      ]
    }
  },
  "objects": {
    "1": {
      "id": 1,
      "class": "bench",
      "label": "bench_1",
      "parent_room": 24,
      "description": "Wooden bench made of wood, used for sitting and resting.",
      "bbox": [],
      "action_affordance": [
        "sit on",
        "step on",
        "lay on",
        "pick up",
        "clean"
      ]
    },
    "2": {
      "id": 2,
      "class": "sports ball",
      "label": "sports ball_2",
      "parent_room": 25,
      "description": "Red sports ball made of rubber, used for playing games like basketball or soccer.",
      "bbox": [],
      "action_affordance": [
        "throw",
        "pick up"
      ]
    },
    "3": {
      "id": 3,
      "class": "bottle",
      "label": "bottle_3",
      "parent_room": 20,
      "description": "Clear bottle made of glass, used for holding and storing liquids like water or juice.",
      "bbox": [],
      "action_affordance": [
        "grab",
        "open",
        "hold",
        "drink from"
      ]
    },
    "4": {
      "id": 4,
      "class": "bowl",
      "label": "bowl_4",
      "parent_room": 17,
      "description": "Ceramic bowl made of ceramic, used for holding food or decorative items.",
      "bbox": [],
      "action_affordance": [
        "grab",
        "eat from",
        "clean",
        "hold",
        "set on"
      ]
    },
    "5": {
      "id": 5,
      "class": "bowl",
      "label": "bowl_5",
      "parent_room": 7,
      "description": "White bowl made of ceramic, used for holding food or decorative items.",
      "bbox": [],
      "action_affordance": [
        "grab",
        "eat from",
        "clean",
        "hold",
        "set on"
      ]
    },
    "6": {
      "id": 6,
      "class": "bowl",
      "label": "bowl_6",
      "parent_room": 7,
      "description": "White bowl made of ceramic, used for holding food or decorative items.",
      "bbox": [],
      "action_affordance": [
        "grab",
        "eat from",
        "clean",
        "hold",
        "set on"
      ]
    },
    "7": {
      "id": 7,
      "class": "bowl",
      "label": "bowl_7",
      "parent_room": 7,
      "description": "Ceramic bowl made of ceramic, used for holding food or decorative items.",
      "bbox": [],
      "action_affordance": [
        "grab",
        "eat from",
        "clean",
        "hold",
        "set on"
      ]
    },
    "8": {
      "id": 8,
      "class": "bowl",
      "label": "bowl_8",
      "parent_room": 7,
      "description": "White bowl made of ceramic, used for holding food or decorative items.",
      "bbox": [],
      "action_affordance": [
        "grab",
        "eat from",
        "clean",
        "hold",
        "set on"
      ]
    },
    "9": {
      "id": 9,
      "class": "bowl",
      "label": "bowl_9",
      "parent_room": 7,
      "description": "White bowl made of ceramic, used for holding food or decorative items.",
      "bbox": [],
      "action_affordance": [
        "grab",
        "eat from",
        "clean",
        "hold",
        "set on"
      ]
    },
    "10": {
      "id": 10,
      "class": "bowl",
      "label": "bowl_10",
      "parent_room": 22,
      "description": "Ceramic bowl made of ceramic, used for holding food or decorative items.",
      "bbox": [],
      "action_affordance": [
        "grab",
        "eat from",
        "clean",
        "hold",
        "set on"
      ]
    },
    "11": {
      "id": 11,
      "class": "chair",
      "label": "chair_11",
      "parent_room": 22,
      "description": "Wooden chair made of wood, used for sitting and supporting a person.",
      "bbox": [],
      "action_affordance": [
        "sit on",
        "step on",
        "clean",
        "break",
        "move"
      ]
    },
    "12": {
      "id": 12,
      "class": "chair",
      "label": "chair_12",
      "parent_room": 22,
      "description": "Wooden chair made of wood, used for sitting and supporting a person.",
      "bbox": [],
      "action_affordance": [
        "sit on",
        "step on",
        "clean",
        "break",
        "move"
      ]
    },
    "13": {
      "id": 13,
      "class": "chair",
      "label": "chair_13",
      "parent_room": 22,
      "description": "Brown chair made of wood, used for sitting and supporting a person.",
      "bbox": [],
      "action_affordance": [
        "sit on",
        "step on",
        "clean",
        "break",
        "move"
      ]
    },
    "14": {
      "id": 14,
      "class": "chair",
      "label": "chair_14",
      "parent_room": 22,
      "description": "Brown chair made of wood, used for sitting and resting.",
      "bbox": [],
      "action_affordance": [
        "sit on",
        "step on",
        "clean",
        "break",
        "move"
      ]
    },
    "15": {
      "id": 15,
      "class": "chair",
      "label": "chair_15",
      "parent_room": 15,
      "description": "Brown wooden chair made of wood, used for sitting and supporting a person.",
      "bbox": [],
      "action_affordance": [
        "sit on",
        "step on",
        "clean",
        "break",
        "move"
      ]
    },
    "16": {
      "id": 16,
      "class": "chair",
      "label": "chair_16",
      "parent_room": 15,
      "description": "Wooden chair made of wood, used for sitting and supporting a person.",
      "bbox": [],
      "action_affordance": [
        "sit on",
        "step on",
        "clean",
        "break",
        "move"
      ]
    },
    "17": {
      "id": 17,
      "class": "chair",
      "label": "chair_17",
      "parent_room": 15,
      "description": "Wooden chair made of wood, used for sitting and supporting a person.",
      "bbox": [],
      "action_affordance": [
        "sit on",
        "step on",
        "clean",
        "break",
        "move"
      ]
    },
    "18": {
      "id": 18,
      "class": "chair",
      "label": "chair_18",
      "parent_room": 16,
      "description": "Wooden chair made of wood, used for sitting and supporting a person.",
      "bbox": [],
      "action_affordance": [
        "sit on",
        "step on",
        "clean",
        "break",
        "move"
      ]
    },
    "19": {
      "id": 19,
      "class": "chair",
      "label": "chair_19",
      "parent_room": 16,
      "description": "Wooden chair made of wood, used for sitting and supporting a person.",
      "bbox": [],
      "action_affordance": [
        "sit on",
        "step on",
        "clean",
        "break",
        "move"
      ]
    },
    "20": {
      "id": 20,
      "class": "chair",
      "label": "chair_20",
      "parent_room": 16,
      "description": "Brown chair made of wood, used for sitting and supporting a person.",
      "bbox": [],
      "action_affordance": [
        "sit on",
        "step on",
        "clean",
        "break",
        "move"
      ]
    },
    "21": {
      "id": 21,
      "class": "chair",
      "label": "chair_21",
      "parent_room": 16,
      "description": "Wooden chair made of wood, used for sitting and providing support.",
      "bbox": [],
      "action_affordance": [
        "sit on",
        "step on",
        "clean",
        "break",
        "move"
      ]
    },
    "22": {
      "id": 22,
      "class": "chair",
      "label": "chair_22",
      "parent_room": 16,
      "description": "Wooden chair made of wood, used for sitting and supporting a person.",
      "bbox": [],
      "action_affordance": [
        "sit on",
        "step on",
        "clean",
        "break",
        "move"
      ]
    },
    "23": {
      "id": 23,
      "class": "chair",
      "label": "chair_23",
      "parent_room": 7,
      "description": "Wooden chair made of wood, used for sitting and supporting a person.",
      "bbox": [],
      "action_affordance": [
        "sit on",
        "step on",
        "clean",
        "break",
        "move"
      ]
    },
    "24": {
      "id": 24,
      "class": "chair",
      "label": "chair_24",
      "parent_room": 17,
      "description": "Wooden chair made of wood, used for sitting and supporting a person.",
      "bbox": [],
      "action_affordance": [
        "sit on",
        "step on",
        "clean",
        "break",
        "move"
      ]
    },
    "25": {
      "id": 25,
      "class": "chair",
      "label": "chair_25",
      "parent_room": 17,
      "description": "Wooden chair made of wood, used for sitting and supporting a person.",
      "bbox": [],
      "action_affordance": [
        "sit on",
        "step on",
        "clean",
        "break",
        "move"
      ]
    },
    "26": {
      "id": 26,
      "class": "chair",
      "label": "chair_26",
      "parent_room": 17,
      "description": "Brown chair made of wood, used for sitting and supporting a person.",
      "bbox": [],
      "action_affordance": [
        "sit on",
        "step on",
        "clean",
        "break",
        "move"
      ]
    },
    "27": {
      "id": 27,
      "class": "chair",
      "label": "chair_27",
      "parent_room": 23,
      "description": "Wooden chair made of wood, used for sitting and supporting a person.",
      "bbox": [],
      "action_affordance": [
        "sit on",
        "step on",
        "clean",
        "break",
        "move"
      ]
    },
    "28": {
      "id": 28,
      "class": "chair",
      "label": "chair_28",
      "parent_room": 23,
      "description": "Brown chair made of wood, used for sitting and supporting a person.",
      "bbox": [],
      "action_affordance": [
        "sit on",
        "step on",
        "clean",
        "break",
        "move"
      ]
    },
    "29": {
      "id": 29,
      "class": "chair",
      "label": "chair_29",
      "parent_room": 7,
      "description": "Brown chair made of wood, used for sitting and supporting a person.",
      "bbox": [],
      "action_affordance": [
        "sit on",
        "step on",
        "clean",
        "break",
        "move"
      ]
    },
    "30": {
      "id": 30,
      "class": "chair",
      "label": "chair_30",
      "parent_room": 18,
      "description": "Wooden chair made of wood, used for sitting and supporting a person.",
      "bbox": [],
      "action_affordance": [
        "sit on",
        "step on",
        "clean",
        "break",
        "move"
      ]
    },
    "31": {
      "id": 31,
      "class": "couch",
      "label": "couch_31",
      "parent_room": 22,
      "description": "Brown couch made of fabric, used for sitting and relaxing.",
      "bbox": [],
      "action_affordance": [
        "sit on",
        "lay on",
        "step on",
        "tidy",
        "clean",
        "move"
      ]
    },
    "32": {
      "id": 32,
      "class": "couch",
      "label": "couch_32",
      "parent_room": 21,
      "description": "Brown couch made of leather, used for sitting and relaxing.",
      "bbox": [],
      "action_affordance": [
        "sit on",
        "lay on",
        "step on",
        "tidy",
        "clean",
        "move"
      ]
    },
    "33": {
      "id": 33,
      "class": "couch",
      "label": "couch_33",
      "parent_room": 23,
      "description": "Brown couch made of fabric, used for sitting and relaxing.",
      "bbox": [],
      "action_affordance": [
        "sit on",
        "lay on",
        "step on",
        "tidy",
        "clean",
        "move"
      ]
    },
    "34": {
      "id": 34,
      "class": "couch",
      "label": "couch_34",
      "parent_room": 7,
      "description": "Beige couch made of fabric, used for sitting and relaxing.",
      "bbox": [],
      "action_affordance": [
        "sit on",
        "lay on",
        "step on",
        "tidy",
        "clean",
        "move"
      ]
    },
    "35": {
      "id": 35,
      "class": "potted plant",
      "label": "potted plant_35",
      "parent_room": 9,
      "description": "Green potted plant made of ceramic, used for decoration and bringing nature indoors.",
      "bbox": [],
      "action_affordance": [
        "water",
        "pick up",
        "move"
      ]
    },
    "36": {
      "id": 36,
      "class": "potted plant",
      "label": "potted plant_36",
      "parent_room": 9,
      "description": "Green potted plant made of ceramic, used for adding life and beauty to a space.",
      "bbox": [],
      "action_affordance": [
        "water",
        "pick up",
        "move"
      ]
    },
    "37": {
      "id": 37,
      "class": "potted plant",
      "label": "potted plant_37",
      "parent_room": 2,
      "description": "Green potted plant made of ceramic, used for decoration and bringing nature indoors.",
      "bbox": [],
      "action_affordance": [
        "water",
        "pick up",
        "move"
      ]
    },
    "38": {
      "id": 38,
      "class": "potted plant",
      "label": "potted plant_38",
      "parent_room": 2,
      "description": "Green potted plant made of ceramic, used for decoration and bringing nature indoors.",
      "bbox": [],
      "action_affordance": [
        "water",
        "pick up",
        "move"
      ]
    },
    "39": {
      "id": 39,
      "class": "potted plant",
      "label": "potted plant_39",
      "parent_room": 5,
      "description": "Green potted plant made of ceramic, used for decoration and bringing life indoors.",
      "bbox": [],
      "action_affordance": [
        "water",
        "pick up",
        "move"
      ]
    },
    "40": {
      "id": 40,
      "class": "potted plant",
      "label": "potted plant_40",
      "parent_room": 23,
      "description": "Green potted plant made of ceramic, used for decoration and bringing nature indoors.",
      "bbox": [],
      "action_affordance": [
        "water",
        "pick up",
        "move"
      ]
    },
    "41": {
      "id": 41,
      "class": "potted plant",
      "label": "potted plant_41",
      "parent_room": 23,
      "description": "Green potted plant made of ceramic, used for decoration and adding life to a space.",
      "bbox": [],
      "action_affordance": [
        "water",
        "pick up",
        "move"
      ]
    },
    "42": {
      "id": 42,
      "class": "potted plant",
      "label": "potted plant_42",
      "parent_room": 20,
      "description": "Green potted plant made of ceramic, used for decoration and bringing nature indoors.",
      "bbox": [],
      "action_affordance": [
        "water",
        "pick up",
        "move"
      ]
    },
    "43": {
      "id": 43,
      "class": "potted plant",
      "label": "potted plant_43",
      "parent_room": 20,
      "description": "Green potted plant made of ceramic, used for decoration and bringing life indoors.",
      "bbox": [],
      "action_affordance": [
        "water",
        "pick up",
        "move"
      ]
    },
    "44": {
      "id": 44,
      "class": "potted plant",
      "label": "potted plant_44",
      "parent_room": 20,
      "description": "Green potted plant made of ceramic, used for decoration and bringing nature indoors.",
      "bbox": [],
      "action_affordance": [
        "water",
        "pick up",
        "move"
      ]
    },
    "45": {
      "id": 45,
      "class": "potted plant",
      "label": "potted plant_45",
      "parent_room": 28,
      "description": "Green potted plant made of ceramic, used for decoration and bringing life indoors.",
      "bbox": [],
      "action_affordance": [
        "water",
        "pick up",
        "move"
      ]
    },
    "46": {
      "id": 46,
      "class": "potted plant",
      "label": "potted plant_46",
      "parent_room": 7,
      "description": "Green potted plant made of ceramic, used for adding greenery and decoration to a space.",
      "bbox": [],
      "action_affordance": [
        "water",
        "pick up",
        "move"
      ]
    },
    "47": {
      "id": 47,
      "class": "potted plant",
      "label": "potted plant_47",
      "parent_room": 7,
      "description": "Green potted plant made of ceramic, used for adding life and beauty to a space.",
      "bbox": [],
      "action_affordance": [
        "water",
        "pick up",
        "move"
      ]
    },
    "48": {
      "id": 48,
      "class": "potted plant",
      "label": "potted plant_48",
      "parent_room": 4,
      "description": "Green potted plant made of ceramic, used for decoration and bringing nature indoors.",
      "bbox": [],
      "action_affordance": [
        "water",
        "pick up",
        "move"
      ]
    },
    "49": {
      "id": 49,
      "class": "potted plant",
      "label": "potted plant_49",
      "parent_room": 16,
      "description": "Green potted plant made of ceramic, used for decoration and bringing nature indoors.",
      "bbox": [],
      "action_affordance": [
        "water",
        "pick up",
        "move"
      ]
    },
    "50": {
      "id": 50,
      "class": "potted plant",
      "label": "potted plant_50",
      "parent_room": 16,
      "description": "Green potted plant made of ceramic, used for decoration and bringing nature indoors.",
      "bbox": [],
      "action_affordance": [
        "water",
        "pick up",
        "move"
      ]
    },
    "51": {
      "id": 51,
      "class": "bed",
      "label": "bed_51",
      "parent_room": 9,
      "description": "Cream bed made of wood, used for resting and sleeping.",
      "bbox": [],
      "action_affordance": [
        "make",
        "sit on",
        "step on",
        "lay on",
        "move"
      ]
    },
    "52": {
      "id": 52,
      "class": "bed",
      "label": "bed_52",
      "parent_room": 7,
      "description": "Cream bed made of wood, used for resting and sleeping.",
      "bbox": [],
      "action_affordance": [
        "make",
        "sit on",
        "step on",
        "lay on",
        "move"
      ]
    },
    "53": {
      "id": 53,
      "class": "dining table",
      "label": "dining table_53",
      "parent_room": 15,
      "description": "Brown dining table made of wood, used for eating meals and hosting gatherings.",
      "bbox": [],
      "action_affordance": [
        "sit at",
        "lay on",
        "pick up",
        "move",
        "clean",
        "set",
        "decorate"
      ]
    },
    "54": {
      "id": 54,
      "class": "dining table",
      "label": "dining table_54",
      "parent_room": 16,
      "description": "Brown dining table made of wood, used for eating meals and hosting gatherings.",
      "bbox": [],
      "action_affordance": [
        "sit at",
        "lay on",
        "pick up",
        "move",
        "clean",
        "set",
        "decorate"
      ]
    },
    "55": {
      "id": 55,
      "class": "dining table",
      "label": "dining table_55",
      "parent_room": 17,
      "description": "Brown dining table made of wood, used for eating meals and hosting gatherings.",
      "bbox": [],
      "action_affordance": [
        "sit at",
        "lay on",
        "pick up",
        "move",
        "clean",
        "set",
        "decorate"
      ]
    },
    "56": {
      "id": 56,
      "class": "toilet",
      "label": "toilet_56",
      "parent_room": 5,
      "description": "White toilet made of porcelain, used for relieving oneself and maintaining hygiene.",
      "bbox": [],
      "action_affordance": [
        "sit on",
        "clean",
        "flush",
        "close",
        "open"
      ]
    },
    "57": {
      "id": 57,
      "class": "toilet",
      "label": "toilet_57",
      "parent_room": 1,
      "description": "White toilet made of porcelain, used for relieving oneself and maintaining hygiene.",
      "bbox": [],
      "action_affordance": [
        "sit on",
        "clean",
        "flush",
        "close",
        "open"
      ]
    },
    "58": {
      "id": 58,
      "class": "toilet",
      "label": "toilet_58",
      "parent_room": 4,
      "description": "White toilet made of porcelain, used for disposing of waste and relieving oneself.",
      "bbox": [],
      "action_affordance": [
        "sit on",
        "clean",
        "flush",
        "close",
        "open"
      ]
    },
    "59": {
      "id": 59,
      "class": "toilet",
      "label": "toilet_59",
      "parent_room": 3,
      "description": "White toilet made of porcelain, used for disposing of waste and relieving oneself.",
      "bbox": [],
      "action_affordance": [
        "sit on",
        "clean",
        "flush",
        "close",
        "open"
      ]
    },
    "60": {
      "id": 60,
      "class": "laptop",
      "label": "laptop_60",
      "parent_room": 18,
      "description": "Silver laptop made of metal and plastic, used for computing, browsing, and creating content.",
      "bbox": [],
      "action_affordance": [
        "open",
        "close",
        "turn on",
        "turn off",
        "pick up",
        "move",
        "work on",
        "look at"
      ]
    },
    "61": {
      "id": 61,
      "class": "cell phone",
      "label": "cell phone_61",
      "parent_room": 17,
      "description": "Black cell phone made of plastic, used for communication, browsing, and entertainment.",
      "bbox": [],
      "action_affordance": [
        "pick up",
        "answer",
        "carry",
        "look at",
        "call",
        "text"
      ]
    },
    "62": {
      "id": 62,
      "class": "microwave",
      "label": "microwave_62",
      "parent_room": 19,
      "description": "White microwave made of plastic and metal, used for heating food quickly.",
      "bbox": [],
      "action_affordance": [
        "open",
        "close",
        "cook",
        "heat",
        "defrost",
        "clean"
      ]
    },
    "63": {
      "id": 63,
      "class": "microwave",
      "label": "microwave_63",
      "parent_room": 20,
      "description": "White microwave made of metal and plastic, used for heating food quickly.",
      "bbox": [],
      "action_affordance": [
        "open",
        "close",
        "cook",
        "heat",
        "defrost",
        "clean"
      ]
    },
    "64": {
      "id": 64,
      "class": "oven",
      "label": "oven_64",
      "parent_room": 20,
      "description": "Shiny silver oven made of steel, used for baking and cooking food.",
      "bbox": [],
      "action_affordance": [
        "open",
        "close",
        "heat",
        "turn on",
        "turn off",
        "clean"
      ]
    },
    "65": {
      "id": 65,
      "class": "oven",
      "label": "oven_65",
      "parent_room": 20,
      "description": "Shiny silver oven made of steel, used for baking and cooking food.",
      "bbox": [],
      "action_affordance": [
        "open",
        "close",
        "heat",
        "turn on",
        "turn off",
        "clean"
      ]
    },
    "66": {
      "id": 66,
      "class": "oven",
      "label": "oven_66",
      "parent_room": 19,
      "description": "Shiny red oven made of steel, used for baking and cooking food.",
      "bbox": [],
      "action_affordance": [
        "open",
        "close",
        "heat",
        "turn on",
        "turn off",
        "clean"
      ]
    },
    "67": {
      "id": 67,
      "class": "sink",
      "label": "sink_67",
      "parent_room": 2,
      "description": "White sink made of porcelain, used for washing dishes and cleaning items.",
      "bbox": [],
      "action_affordance": [
        "wash",
        "clean"
      ]
    },
    "68": {
      "id": 68,
      "class": "sink",
      "label": "sink_68",
      "parent_room": 3,
      "description": "White sink made of porcelain, used for washing dishes and hands.",
      "bbox": [],
      "action_affordance": [
        "wash",
        "clean"
      ]
    },
    "69": {
      "id": 69,
      "class": "sink",
      "label": "sink_69",
      "parent_room": 19,
      "description": "White sink made of porcelain, used for washing dishes and cleaning items.",
      "bbox": [],
      "action_affordance": [
        "wash",
        "clean"
      ]
    },
    "70": {
      "id": 70,
      "class": "sink",
      "label": "sink_70",
      "parent_room": 5,
      "description": "White sink made of porcelain, used for washing dishes and cleaning hands.",
      "bbox": [],
      "action_affordance": [
        "wash",
        "clean"
      ]
    },
    "71": {
      "id": 71,
      "class": "sink",
      "label": "sink_71",
      "parent_room": 1,
      "description": "White sink made of porcelain, used for washing dishes and cleaning hands.",
      "bbox": [],
      "action_affordance": [
        "wash",
        "clean"
      ]
    },
    "72": {
      "id": 72,
      "class": "sink",
      "label": "sink_72",
      "parent_room": 20,
      "description": "White sink made of porcelain, used for washing dishes and cleaning.",
      "bbox": [],
      "action_affordance": [
        "wash",
        "clean"
      ]
    },
    "73": {
      "id": 73,
      "class": "sink",
      "label": "sink_73",
      "parent_room": 20,
      "description": "White sink made of porcelain, used for washing dishes and cleaning hands.",
      "bbox": [],
      "action_affordance": [
        "wash",
        "clean"
      ]
    },
    "74": {
      "id": 74,
      "class": "sink",
      "label": "sink_74",
      "parent_room": 4,
      "description": "White sink made of porcelain, used for washing dishes and hands.",
      "bbox": [],
      "action_affordance": [
        "wash",
        "clean"
      ]
    },
    "75": {
      "id": 75,
      "class": "sink",
      "label": "sink_75",
      "parent_room": 14,
      "description": "White sink made of porcelain, used for washing dishes and cleaning hands.",
      "bbox": [],
      "action_affordance": [
        "wash",
        "clean"
      ]
    },
    "76": {
      "id": 76,
      "class": "refrigerator",
      "label": "refrigerator_76",
      "parent_room": 20,
      "description": "White refrigerator made of steel, used for storing and preserving food at cold temperatures.",
      "bbox": [],
      "action_affordance": [
        "open",
        "close",
        "clean",
        "move"
      ]
    },
    "77": {
      "id": 77,
      "class": "refrigerator",
      "label": "refrigerator_77",
      "parent_room": 19,
      "description": "White refrigerator made of steel, used for storing and preserving food at cold temperatures.",
      "bbox": [],
      "action_affordance": [
        "open",
        "close",
        "clean",
        "move"
      ]
    },
    "78": {
      "id": 78,
      "class": "book",
      "label": "book_78",
      "parent_room": 9,
      "description": "Brown book made of paper, used for reading and storing information.",
      "bbox": [],
      "action_affordance": [
        "open",
        "close",
        "read",
        "borrow",
        "lend"
      ]
    },
    "79": {
      "id": 79,
      "class": "book",
      "label": "book_79",
      "parent_room": 22,
      "description": "Brown book made of paper, used for reading and storing information.",
      "bbox": [],
      "action_affordance": [
        "open",
        "close",
        "read",
        "borrow",
        "lend"
      ]
    },
    "80": {
      "id": 80,
      "class": "vase",
      "label": "vase_80",
      "parent_room": 22,
      "description": "Ceramic vase made of ceramic, used for holding flowers or displaying decorative items.",
      "bbox": [],
      "action_affordance": [
        "fill",
        "pick up",
        "break",
        "clean"
      ]
    },
    "81": {
      "id": 81,
      "class": "vase",
      "label": "vase_81",
      "parent_room": 5,
      "description": "Ceramic vase made of ceramic, used for holding flowers or decorative items.",
      "bbox": [],
      "action_affordance": [
        "fill",
        "pick up",
        "break",
        "clean"
      ]
    },
    "82": {
      "id": 82,
      "class": "vase",
      "label": "vase_82",
      "parent_room": 7,
      "description": "Ceramic vase made of ceramic, used for holding flowers or decorative items.",
      "bbox": [],
      "action_affordance": [
        "fill",
        "pick up",
        "break",
        "clean"
      ]
    },
    "83": {
      "id": 83,
      "class": "vase",
      "label": "vase_83",
      "parent_room": 20,
      "description": "Ceramic vase made of ceramic, used for holding flowers or displaying decorative items.",
      "bbox": [],
      "action_affordance": [
        "fill",
        "pick up",
        "break",
        "clean"
      ]
    },
    "84": {
      "id": 84,
      "class": "vase",
      "label": "vase_84",
      "parent_room": 23,
      "description": "White vase made of ceramic, used for holding flowers or displaying decorative items.",
      "bbox": [],
      "action_affordance": [
        "fill",
        "pick up",
        "break",
        "clean"
      ]
    },
    "85": {
      "id": 85,
      "class": "fruit_bowl",
      "label": "fruit_bowl_85",
      "parent_room": 17,
      "description": "Ceramic fruit_bowl made of ceramic, used for holding and displaying fresh fruit.",
      "bbox": [],
      "action_affordance": []
    }
  }
}