{
  "scene_info": {
    "total_rooms": 19,
    "total_objects": 88
  },
  "rooms": {
    "1": {
      "id": 1,
      "category": "bathroom",
      "label": "bathroom_1",
      "bbox": [],
      "objects_in_room": [
        82
      ]
    },
    "2": {
      "id": 2,
      "category": "bathroom",
      "label": "bathroom_2",
      "bbox": [],
      "objects_in_room": [
        50,
        88
      ]
    },
    "3": {
      "id": 3,
      "category": "bathroom",
      "label": "bathroom_3",
      "bbox": [],
      "objects_in_room": [
        42,
        43,
        74
      ]
    },
    "4": {
      "id": 4,
      "category": "bathroom",
      "label": "bathroom_4",
      "bbox": [],
      "objects_in_room": []
    },
    "5": {
      "id": 5,
      "category": "bedroom",
      "label": "bedroom_5",
      "bbox": [],
      "objects_in_room": [
        78,
        87
      ]
    },
    "6": {
      "id": 6,
      "category": "bedroom",
      "label": "bedroom_6",
      "bbox": [],
      "objects_in_room": [
        26,
        48,
        65,
        66,
        75,
        84
      ]
    },
    "7": {
      "id": 7,
      "category": "bedroom",
      "label": "bedroom_7",
      "bbox": [],
      "objects_in_room": [
        47,
        67,
        77,
        86
      ]
    },
    "8": {
      "id": 8,
      "category": "bedroom",
      "label": "bedroom_8",
      "bbox": [],
      "objects_in_room": [
        45,
        71,
        76,
        85
      ]
    },
    "9": {
      "id": 9,
      "category": "corridor",
      "label": "corridor_9",
      "bbox": [],
      "objects_in_room": []
    },
    "10": {
      "id": 10,
      "category": "corridor",
      "label": "corridor_10",
      "bbox": [],
      "objects_in_room": []
    },
    "11": {
      "id": 11,
      "category": "corridor",
      "label": "corridor_11",
      "bbox": [],
      "objects_in_room": []
    },
    "12": {
      "id": 12,
      "category": "dining_room",
      "label": "dining_room_12",
      "bbox": [],
      "objects_in_room": [
        27,
        28,
        39,
        49,
        52,
        68,
        69,
        81
      ]
    },
    "13": {
      "id": 13,
      "category": "dining_room",
      "label": "dining_room_13",
      "bbox": [],
      "objects_in_room": [
        46,
        53,
        56,
        58,
        63,
        64,
        79
      ]
    },
    "14": {
      "id": 14,
      "category": "exercise_room",
      "label": "exercise_room_14",
      "bbox": [],
      "objects_in_room": [
        20,
        21,
        22,
        23,
        24,
        25,
        29,
        30,
        31,
        32,
        40
      ]
    },
    "15": {
      "id": 15,
      "category": "home_office",
      "label": "home_office_15",
      "bbox": [],
      "objects_in_room": [
        5,
        6,
        7
      ]
    },
    "16": {
      "id": 16,
      "category": "kitchen",
      "label": "kitchen_16",
      "bbox": [],
      "objects_in_room": [
        1,
        2,
        3,
        4,
        51
      ]
    },
    "17": {
      "id": 17,
      "category": "living_room",
      "label": "living_room_17",
      "bbox": [],
      "objects_in_room": [
        8,
        9,
        10,
        11,
        12,
        13,
        14,
        15,
        16,
        17,
        18,
        19,
        33,
        34,
        35,
        36,
        37,
        38,
        41,
        72,
        83
      ]
    },
    "18": {
      "id": 18,
      "category": "living_room",
      "label": "living_room_18",
      "bbox": [],
      "objects_in_room": [
        44,
        61,
        62,
        73
      ]
    },
    "19": {
      "id": 19,
      "category": "staircase",
      "label": "staircase_19",
      "bbox": [],
      "objects_in_room": []
    }
  },
  "objects": {
    "1": {
      "id": 1,
      "class": "oven",
      "label": "oven_1",
      "parent_room": 16,
      "description": "Shiny silver oven made of steel, used for baking and cooking food.",
      "bbox": [],
      "action_affordance": [
        "open",
        "close",
        "heat",
        "turn on",
        "turn off",
        "clean"
      ]
    },
    "2": {
      "id": 2,
      "class": "toaster",
      "label": "toaster_2",
      "parent_room": 16,
      "description": "Shiny silver toaster made of metal, used for toasting bread and bagels.",
      "bbox": [],
      "action_affordance": [
        "plug",
        "turn on",
        "turn off"
      ]
    },
    "3": {
      "id": 3,
      "class": "sink",
      "label": "sink_3",
      "parent_room": 16,
      "description": "White sink made of porcelain, used for washing dishes and cleaning.",
      "bbox": [],
      "action_affordance": [
        "wash",
        "clean"
      ]
    },
    "4": {
      "id": 4,
      "class": "refrigerator",
      "label": "refrigerator_4",
      "parent_room": 16,
      "description": "White refrigerator made of steel, used for storing and preserving food at cold temperatures.",
      "bbox": [],
      "action_affordance": [
        "open",
        "close",
        "clean",
        "move"
      ]
    },
    "5": {
      "id": 5,
      "class": "book",
      "label": "book_5",
      "parent_room": 15,
      "description": "Brown book made of paper, used for reading and storing information.",
      "bbox": [],
      "action_affordance": [
        "open",
        "close",
        "read",
        "borrow",
        "lend"
      ]
    },
    "6": {
      "id": 6,
      "class": "book",
      "label": "book_6",
      "parent_room": 15,
      "description": "Brown book made of paper, used for reading and learning information.",
      "bbox": [],
      "action_affordance": [
        "open",
        "close",
        "read",
        "borrow",
        "lend"
      ]
    },
    "7": {
      "id": 7,
      "class": "book",
      "label": "book_7",
      "parent_room": 15,
      "description": "Brown book made of paper, used for reading and learning information.",
      "bbox": [],
      "action_affordance": [
        "open",
        "close",
        "read",
        "borrow",
        "lend"
      ]
    },
    "8": {
      "id": 8,
      "class": "book",
      "label": "book_8",
      "parent_room": 17,
      "description": "Brown book made of paper, used for reading and learning information.",
      "bbox": [],
      "action_affordance": [
        "open",
        "close",
        "read",
        "borrow",
        "lend"
      ]
    },
    "9": {
      "id": 9,
      "class": "book",
      "label": "book_9",
      "parent_room": 17,
      "description": "Brown book made of paper, used for reading and storing information.",
      "bbox": [],
      "action_affordance": [
        "open",
        "close",
        "read",
        "borrow",
        "lend"
      ]
    },
    "10": {
      "id": 10,
      "class": "book",
      "label": "book_10",
      "parent_room": 17,
      "description": "Brown book made of paper, used for reading and learning information.",
      "bbox": [],
      "action_affordance": [
        "open",
        "close",
        "read",
        "borrow",
        "lend"
      ]
    },
    "11": {
      "id": 11,
      "class": "book",
      "label": "book_11",
      "parent_room": 17,
      "description": "Brown book made of paper, used for reading and learning information.",
      "bbox": [],
      "action_affordance": [
        "open",
        "close",
        "read",
        "borrow",
        "lend"
      ]
    },
    "12": {
      "id": 12,
      "class": "book",
      "label": "book_12",
      "parent_room": 17,
      "description": "Brown book made of paper, used for reading and storing information.",
      "bbox": [],
      "action_affordance": [
        "open",
        "close",
        "read",
        "borrow",
        "lend"
      ]
    },
    "13": {
      "id": 13,
      "class": "book",
      "label": "book_13",
      "parent_room": 17,
      "description": "Brown book made of paper, used for reading and learning information.",
      "bbox": [],
      "action_affordance": [
        "open",
        "close",
        "read",
        "borrow",
        "lend"
      ]
    },
    "14": {
      "id": 14,
      "class": "book",
      "label": "book_14",
      "parent_room": 17,
      "description": "Brown book made of paper, used for reading and learning information.",
      "bbox": [],
      "action_affordance": [
        "open",
        "close",
        "read",
        "borrow",
        "lend"
      ]
    },
    "15": {
      "id": 15,
      "class": "book",
      "label": "book_15",
      "parent_room": 17,
      "description": "Brown book made of paper, used for reading and learning information.",
      "bbox": [],
      "action_affordance": [
        "open",
        "close",
        "read",
        "borrow",
        "lend"
      ]
    },
    "16": {
      "id": 16,
      "class": "book",
      "label": "book_16",
      "parent_room": 17,
      "description": "Brown book made of paper, used for reading and learning information.",
      "bbox": [],
      "action_affordance": [
        "open",
        "close",
        "read",
        "borrow",
        "lend"
      ]
    },
    "17": {
      "id": 17,
      "class": "book",
      "label": "book_17",
      "parent_room": 17,
      "description": "Brown book made of paper, used for reading and storing information.",
      "bbox": [],
      "action_affordance": [
        "open",
        "close",
        "read",
        "borrow",
        "lend"
      ]
    },
    "18": {
      "id": 18,
      "class": "book",
      "label": "book_18",
      "parent_room": 17,
      "description": "Brown book made of paper, used for reading and learning information.",
      "bbox": [],
      "action_affordance": [
        "open",
        "close",
        "read",
        "borrow",
        "lend"
      ]
    },
    "19": {
      "id": 19,
      "class": "book",
      "label": "book_19",
      "parent_room": 17,
      "description": "Brown book made of paper, used for reading and storing information.",
      "bbox": [],
      "action_affordance": [
        "open",
        "close",
        "read",
        "borrow",
        "lend"
      ]
    },
    "20": {
      "id": 20,
      "class": "book",
      "label": "book_20",
      "parent_room": 14,
      "description": "Brown book made of paper, used for reading and learning information.",
      "bbox": [],
      "action_affordance": [
        "open",
        "close",
        "read",
        "borrow",
        "lend"
      ]
    },
    "21": {
      "id": 21,
      "class": "book",
      "label": "book_21",
      "parent_room": 14,
      "description": "Brown book made of paper, used for reading and learning information.",
      "bbox": [],
      "action_affordance": [
        "open",
        "close",
        "read",
        "borrow",
        "lend"
      ]
    },
    "22": {
      "id": 22,
      "class": "book",
      "label": "book_22",
      "parent_room": 14,
      "description": "Brown book made of paper, used for reading and learning knowledge.",
      "bbox": [],
      "action_affordance": [
        "open",
        "close",
        "read",
        "borrow",
        "lend"
      ]
    },
    "23": {
      "id": 23,
      "class": "book",
      "label": "book_23",
      "parent_room": 14,
      "description": "Brown book made of paper, used for reading and storing information.",
      "bbox": [],
      "action_affordance": [
        "open",
        "close",
        "read",
        "borrow",
        "lend"
      ]
    },
    "24": {
      "id": 24,
      "class": "book",
      "label": "book_24",
      "parent_room": 14,
      "description": "Brown book made of paper, used for reading and learning information.",
      "bbox": [],
      "action_affordance": [
        "open",
        "close",
        "read",
        "borrow",
        "lend"
      ]
    },
    "25": {
      "id": 25,
      "class": "book",
      "label": "book_25",
      "parent_room": 14,
      "description": "Brown book made of paper, used for reading and learning information.",
      "bbox": [],
      "action_affordance": [
        "open",
        "close",
        "read",
        "borrow",
        "lend"
      ]
    },
    "26": {
      "id": 26,
      "class": "book",
      "label": "book_26",
      "parent_room": 6,
      "description": "Brown book made of paper, used for reading and learning information.",
      "bbox": [],
      "action_affordance": [
        "open",
        "close",
        "read",
        "borrow",
        "lend"
      ]
    },
    "27": {
      "id": 27,
      "class": "book",
      "label": "book_27",
      "parent_room": 12,
      "description": "Brown book made of paper, used for reading and learning information.",
      "bbox": [],
      "action_affordance": [
        "open",
        "close",
        "read",
        "borrow",
        "lend"
      ]
    },
    "28": {
      "id": 28,
      "class": "book",
      "label": "book_28",
      "parent_room": 12,
      "description": "Brown book made of paper, used for reading and learning information.",
      "bbox": [],
      "action_affordance": [
        "open",
        "close",
        "read",
        "borrow",
        "lend"
      ]
    },
    "29": {
      "id": 29,
      "class": "book",
      "label": "book_29",
      "parent_room": 14,
      "description": "Brown book made of paper, used for reading and learning information.",
      "bbox": [],
      "action_affordance": [
        "open",
        "close",
        "read",
        "borrow",
        "lend"
      ]
    },
    "30": {
      "id": 30,
      "class": "book",
      "label": "book_30",
      "parent_room": 14,
      "description": "Brown book made of paper, used for reading and learning information.",
      "bbox": [],
      "action_affordance": [
        "open",
        "close",
        "read",
        "borrow",
        "lend"
      ]
    },
    "31": {
      "id": 31,
      "class": "book",
      "label": "book_31",
      "parent_room": 14,
      "description": "Brown book made of paper, used for reading and storing information.",
      "bbox": [],
      "action_affordance": [
        "open",
        "close",
        "read",
        "borrow",
        "lend"
      ]
    },
    "32": {
      "id": 32,
      "class": "book",
      "label": "book_32",
      "parent_room": 14,
      "description": "Brown book made of paper, used for reading and learning information.",
      "bbox": [],
      "action_affordance": [
        "open",
        "close",
        "read",
        "borrow",
        "lend"
      ]
    },
    "33": {
      "id": 33,
      "class": "book",
      "label": "book_33",
      "parent_room": 17,
      "description": "Brown book made of paper, used for reading and learning information.",
      "bbox": [],
      "action_affordance": [
        "open",
        "close",
        "read",
        "borrow",
        "lend"
      ]
    },
    "34": {
      "id": 34,
      "class": "book",
      "label": "book_34",
      "parent_room": 17,
      "description": "Brown book made of paper, used for reading and storing information.",
      "bbox": [],
      "action_affordance": [
        "open",
        "close",
        "read",
        "borrow",
        "lend"
      ]
    },
    "35": {
      "id": 35,
      "class": "book",
      "label": "book_35",
      "parent_room": 17,
      "description": "Brown book made of paper, used for reading and learning information.",
      "bbox": [],
      "action_affordance": [
        "open",
        "close",
        "read",
        "borrow",
        "lend"
      ]
    },
    "36": {
      "id": 36,
      "class": "book",
      "label": "book_36",
      "parent_room": 17,
      "description": "Brown book made of paper, used for reading and learning information.",
      "bbox": [],
      "action_affordance": [
        "open",
        "close",
        "read",
        "borrow",
        "lend"
      ]
    },
    "37": {
      "id": 37,
      "class": "book",
      "label": "book_37",
      "parent_room": 17,
      "description": "Brown book made of paper, used for reading and learning knowledge.",
      "bbox": [],
      "action_affordance": [
        "open",
        "close",
        "read",
        "borrow",
        "lend"
      ]
    },
    "38": {
      "id": 38,
      "class": "book",
      "label": "book_38",
      "parent_room": 17,
      "description": "Brown book made of paper, used for reading and learning information.",
      "bbox": [],
      "action_affordance": [
        "open",
        "close",
        "read",
        "borrow",
        "lend"
      ]
    },
    "39": {
      "id": 39,
      "class": "book",
      "label": "book_39",
      "parent_room": 12,
      "description": "Brown book made of paper, used for reading and learning information.",
      "bbox": [],
      "action_affordance": [
        "open",
        "close",
        "read",
        "borrow",
        "lend"
      ]
    },
    "40": {
      "id": 40,
      "class": "cup",
      "label": "cup_40",
      "parent_room": 14,
      "description": "White cup made of ceramic, used for drinking beverages.",
      "bbox": [],
      "action_affordance": [
        "grab",
        "drink from",
        "hold",
        "clean",
        "pour in",
        "set on"
      ]
    },
    "41": {
      "id": 41,
      "class": "vase",
      "label": "vase_41",
      "parent_room": 17,
      "description": "Cream vase made of ceramic, used for holding flowers or decorative items.",
      "bbox": [],
      "action_affordance": [
        "fill",
        "pick up",
        "break",
        "clean"
      ]
    },
    "42": {
      "id": 42,
      "class": "vase",
      "label": "vase_42",
      "parent_room": 3,
      "description": "White vase made of ceramic, used for holding flowers or decorative items.",
      "bbox": [],
      "action_affordance": [
        "fill",
        "pick up",
        "break",
        "clean"
      ]
    },
    "43": {
      "id": 43,
      "class": "vase",
      "label": "vase_43",
      "parent_room": 3,
      "description": "Ceramic vase made of ceramic, used for holding flowers and displaying decorative items.",
      "bbox": [],
      "action_affordance": [
        "fill",
        "pick up",
        "break",
        "clean"
      ]
    },
    "44": {
      "id": 44,
      "class": "vase",
      "label": "vase_44",
      "parent_room": 18,
      "description": "Cream vase made of ceramic, used for holding flowers or decorative items.",
      "bbox": [],
      "action_affordance": [
        "fill",
        "pick up",
        "break",
        "clean"
      ]
    },
    "45": {
      "id": 45,
      "class": "vase",
      "label": "vase_45",
      "parent_room": 8,
      "description": "Ceramic vase made of ceramic, used for holding flowers and decorative displays.",
      "bbox": [],
      "action_affordance": [
        "fill",
        "pick up",
        "break",
        "clean"
      ]
    },
    "46": {
      "id": 46,
      "class": "vase",
      "label": "vase_46",
      "parent_room": 13,
      "description": "Ceramic vase made of ceramic, used for displaying flowers or decorative items.",
      "bbox": [],
      "action_affordance": [
        "fill",
        "pick up",
        "break",
        "clean"
      ]
    },
    "47": {
      "id": 47,
      "class": "vase",
      "label": "vase_47",
      "parent_room": 7,
      "description": "Ceramic vase made of ceramic, used for displaying flowers or decorative items.",
      "bbox": [],
      "action_affordance": [
        "fill",
        "pick up",
        "break",
        "clean"
      ]
    },
    "48": {
      "id": 48,
      "class": "vase",
      "label": "vase_48",
      "parent_room": 6,
      "description": "Cream vase made of ceramic, used for holding flowers or decorative items.",
      "bbox": [],
      "action_affordance": [
        "fill",
        "pick up",
        "break",
        "clean"
      ]
    },
    "49": {
      "id": 49,
      "class": "vase",
      "label": "vase_49",
      "parent_room": 12,
      "description": "Ceramic vase made of ceramic, used for holding flowers or decorative arrangements.",
      "bbox": [],
      "action_affordance": [
        "fill",
        "pick up",
        "break",
        "clean"
      ]
    },
    "50": {
      "id": 50,
      "class": "vase",
      "label": "vase_50",
      "parent_room": 2,
      "description": "White vase made of ceramic, used for holding flowers or decorative items.",
      "bbox": [],
      "action_affordance": [
        "fill",
        "pick up",
        "break",
        "clean"
      ]
    },
    "51": {
      "id": 51,
      "class": "bowl",
      "label": "bowl_51",
      "parent_room": 16,
      "description": "Ceramic bowl made of ceramic, used for holding food or decorative items.",
      "bbox": [],
      "action_affordance": [
        "grab",
        "eat from",
        "clean",
        "hold",
        "set on"
      ]
    },
    "52": {
      "id": 52,
      "class": "bowl",
      "label": "bowl_52",
      "parent_room": 12,
      "description": "White bowl made of ceramic, used for holding food or decorative items.",
      "bbox": [],
      "action_affordance": [
        "grab",
        "eat from",
        "clean",
        "hold",
        "set on"
      ]
    },
    "53": {
      "id": 53,
      "class": "chair",
      "label": "chair_53",
      "parent_room": 13,
      "description": "Brown chair made of wood, used for sitting and supporting a person.",
      "bbox": [],
      "action_affordance": [
        "sit on",
        "step on",
        "clean",
        "break",
        "move"
      ]
    },
    "54": {
      "id": 54,
      "class": "chair",
      "label": "chair_54",
      "parent_room": null,
      "description": "Brown chair made of wood, used for sitting and supporting a person.",
      "bbox": [],
      "action_affordance": [
        "sit on",
        "step on",
        "clean",
        "break",
        "move"
      ]
    },
    "55": {
      "id": 55,
      "class": "chair",
      "label": "chair_55",
      "parent_room": null,
      "description": "Wooden chair made of wood, used for sitting and supporting a person.",
      "bbox": [],
      "action_affordance": [
        "sit on",
        "step on",
        "clean",
        "break",
        "move"
      ]
    },
    "56": {
      "id": 56,
      "class": "chair",
      "label": "chair_56",
      "parent_room": 13,
      "description": "Brown chair made of wood, used for sitting and supporting a person.",
      "bbox": [],
      "action_affordance": [
        "sit on",
        "step on",
        "clean",
        "break",
        "move"
      ]
    },
    "57": {
      "id": 57,
      "class": "chair",
      "label": "chair_57",
      "parent_room": null,
      "description": "Wooden chair made of wood, used for sitting and supporting a person.",
      "bbox": [],
      "action_affordance": [
        "sit on",
        "step on",
        "clean",
        "break",
        "move"
      ]
    },
    "58": {
      "id": 58,
      "class": "chair",
      "label": "chair_58",
      "parent_room": 13,
      "description": "Brown chair made of wood, used for sitting and supporting a person.",
      "bbox": [],
      "action_affordance": [
        "sit on",
        "step on",
        "clean",
        "break",
        "move"
      ]
    },
    "59": {
      "id": 59,
      "class": "chair",
      "label": "chair_59",
      "parent_room": null,
      "description": "Brown chair made of wood, used for sitting and supporting a person.",
      "bbox": [],
      "action_affordance": [
        "sit on",
        "step on",
        "clean",
        "break",
        "move"
      ]
    },
    "60": {
      "id": 60,
      "class": "chair",
      "label": "chair_60",
      "parent_room": null,
      "description": "Wooden chair made of wood, used for sitting and supporting a person.",
      "bbox": [],
      "action_affordance": [
        "sit on",
        "step on",
        "clean",
        "break",
        "move"
      ]
    },
    "61": {
      "id": 61,
      "class": "chair",
      "label": "chair_61",
      "parent_room": 18,
      "description": "Brown wooden chair made of wood, used for sitting and supporting a person.",
      "bbox": [],
      "action_affordance": [
        "sit on",
        "step on",
        "clean",
        "break",
        "move"
      ]
    },
    "62": {
      "id": 62,
      "class": "chair",
      "label": "chair_62",
      "parent_room": 18,
      "description": "Brown chair made of wood, used for sitting and supporting a person.",
      "bbox": [],
      "action_affordance": [
        "sit on",
        "step on",
        "clean",
        "break",
        "move"
      ]
    },
    "63": {
      "id": 63,
      "class": "chair",
      "label": "chair_63",
      "parent_room": 13,
      "description": "Brown chair made of wood, used for sitting and resting.",
      "bbox": [],
      "action_affordance": [
        "sit on",
        "step on",
        "clean",
        "break",
        "move"
      ]
    },
    "64": {
      "id": 64,
      "class": "chair",
      "label": "chair_64",
      "parent_room": 13,
      "description": "Brown chair made of wood, used for sitting and providing support.",
      "bbox": [],
      "action_affordance": [
        "sit on",
        "step on",
        "clean",
        "break",
        "move"
      ]
    },
    "65": {
      "id": 65,
      "class": "chair",
      "label": "chair_65",
      "parent_room": 6,
      "description": "Brown chair made of wood, used for sitting and supporting a person.",
      "bbox": [],
      "action_affordance": [
        "sit on",
        "step on",
        "clean",
        "break",
        "move"
      ]
    },
    "66": {
      "id": 66,
      "class": "chair",
      "label": "chair_66",
      "parent_room": 6,
      "description": "Brown chair made of wood, used for sitting and supporting a person.",
      "bbox": [],
      "action_affordance": [
        "sit on",
        "step on",
        "clean",
        "break",
        "move"
      ]
    },
    "67": {
      "id": 67,
      "class": "chair",
      "label": "chair_67",
      "parent_room": 7,
      "description": "Wooden chair made of wood, used for sitting and supporting a person.",
      "bbox": [],
      "action_affordance": [
        "sit on",
        "step on",
        "clean",
        "break",
        "move"
      ]
    },
    "68": {
      "id": 68,
      "class": "chair",
      "label": "chair_68",
      "parent_room": 12,
      "description": "Brown chair made of wood, used for sitting and supporting a person.",
      "bbox": [],
      "action_affordance": [
        "sit on",
        "step on",
        "clean",
        "break",
        "move"
      ]
    },
    "69": {
      "id": 69,
      "class": "chair",
      "label": "chair_69",
      "parent_room": 12,
      "description": "Wooden chair made of wood, used for sitting and supporting a person.",
      "bbox": [],
      "action_affordance": [
        "sit on",
        "step on",
        "clean",
        "break",
        "move"
      ]
    },
    "70": {
      "id": 70,
      "class": "chair",
      "label": "chair_70",
      "parent_room": null,
      "description": "Brown chair made of wood, used for sitting and providing support.",
      "bbox": [],
      "action_affordance": [
        "sit on",
        "step on",
        "clean",
        "break",
        "move"
      ]
    },
    "71": {
      "id": 71,
      "class": "couch",
      "label": "couch_71",
      "parent_room": 8,
      "description": "Brown couch made of fabric, used for sitting and relaxing.",
      "bbox": [],
      "action_affordance": [
        "sit on",
        "lay on",
        "step on",
        "tidy",
        "clean",
        "move"
      ]
    },
    "72": {
      "id": 72,
      "class": "couch",
      "label": "couch_72",
      "parent_room": 17,
      "description": "Brown couch made of fabric, used for sitting and relaxing.",
      "bbox": [],
      "action_affordance": [
        "sit on",
        "lay on",
        "step on",
        "tidy",
        "clean",
        "move"
      ]
    },
    "73": {
      "id": 73,
      "class": "couch",
      "label": "couch_73",
      "parent_room": 18,
      "description": "Grey couch made of fabric, used for sitting and relaxing.",
      "bbox": [],
      "action_affordance": [
        "sit on",
        "lay on",
        "step on",
        "tidy",
        "clean",
        "move"
      ]
    },
    "74": {
      "id": 74,
      "class": "potted plant",
      "label": "potted plant_74",
      "parent_room": 3,
      "description": "Green potted plant made of ceramic, used for decoration and bringing nature indoors.",
      "bbox": [],
      "action_affordance": [
        "water",
        "pick up",
        "move"
      ]
    },
    "75": {
      "id": 75,
      "class": "bed",
      "label": "bed_75",
      "parent_room": 6,
      "description": "Cream bed made of wood, used for sleeping and resting comfortably.",
      "bbox": [],
      "action_affordance": [
        "make",
        "sit on",
        "step on",
        "lay on",
        "move"
      ]
    },
    "76": {
      "id": 76,
      "class": "bed",
      "label": "bed_76",
      "parent_room": 8,
      "description": "Cream bed made of wood, used for resting and sleeping.",
      "bbox": [],
      "action_affordance": [
        "make",
        "sit on",
        "step on",
        "lay on",
        "move"
      ]
    },
    "77": {
      "id": 77,
      "class": "bed",
      "label": "bed_77",
      "parent_room": 7,
      "description": "Cream bed made of wood, used for resting and sleeping.",
      "bbox": [],
      "action_affordance": [
        "make",
        "sit on",
        "step on",
        "lay on",
        "move"
      ]
    },
    "78": {
      "id": 78,
      "class": "bed",
      "label": "bed_78",
      "parent_room": 5,
      "description": "Cream bed made of wood, used for resting and sleeping comfortably.",
      "bbox": [],
      "action_affordance": [
        "make",
        "sit on",
        "step on",
        "lay on",
        "move"
      ]
    },
    "79": {
      "id": 79,
      "class": "dining table",
      "label": "dining table_79",
      "parent_room": 13,
      "description": "Brown dining table made of wood, used for eating meals and hosting gatherings.",
      "bbox": [],
      "action_affordance": [
        "sit at",
        "lay on",
        "pick up",
        "move",
        "clean",
        "set",
        "decorate"
      ]
    },
    "80": {
      "id": 80,
      "class": "dining table",
      "label": "dining table_80",
      "parent_room": null,
      "description": "Brown dining table made of wood, used for eating meals and hosting gatherings.",
      "bbox": [],
      "action_affordance": [
        "sit at",
        "lay on",
        "pick up",
        "move",
        "clean",
        "set",
        "decorate"
      ]
    },
    "81": {
      "id": 81,
      "class": "dining table",
      "label": "dining table_81",
      "parent_room": 12,
      "description": "Brown dining table made of wood, used for eating meals and hosting gatherings.",
      "bbox": [],
      "action_affordance": [
        "sit at",
        "lay on",
        "pick up",
        "move",
        "clean",
        "set",
        "decorate"
      ]
    },
    "82": {
      "id": 82,
      "class": "toilet",
      "label": "toilet_82",
      "parent_room": 1,
      "description": "White toilet made of porcelain, used for relieving oneself and maintaining hygiene.",
      "bbox": [],
      "action_affordance": [
        "sit on",
        "clean",
        "flush",
        "close",
        "open"
      ]
    },
    "83": {
      "id": 83,
      "class": "tv",
      "label": "tv_83",
      "parent_room": 17,
      "description": "Black TV made of plastic and glass, used for watching movies and shows.",
      "bbox": [],
      "action_affordance": [
        "turn on",
        "turn off",
        "look at",
        "move",
        "plug"
      ]
    },
    "84": {
      "id": 84,
      "class": "shoes",
      "label": "shoes_84",
      "parent_room": 6,
      "description": "Brown shoes made of leather, used for walking and protecting feet.",
      "bbox": [],
      "action_affordance": []
    },
    "85": {
      "id": 85,
      "class": "shoes",
      "label": "shoes_85",
      "parent_room": 8,
      "description": "Brown shoes made of leather, used for walking and protecting feet.",
      "bbox": [],
      "action_affordance": []
    },
    "86": {
      "id": 86,
      "class": "shoes",
      "label": "shoes_86",
      "parent_room": 7,
      "description": "Brown shoes made of leather, used for walking and protection.",
      "bbox": [],
      "action_affordance": []
    },
    "87": {
      "id": 87,
      "class": "shoes",
      "label": "shoes_87",
      "parent_room": 5,
      "description": "White shoes made of leather, used for walking and running.",
      "bbox": [],
      "action_affordance": []
    },
    "88": {
      "id": 88,
      "class": "shoe_rack",
      "label": "shoe_rack_88",
      "parent_room": 2,
      "description": "Wooden shoe_rack made of wood, used for storing and organizing footwear.",
      "bbox": [],
      "action_affordance": []
    }
  }
}