{
  "scene_info": {
    "total_rooms": 36,
    "total_objects": 60
  },
  "rooms": {
    "1": {
      "id": 1,
      "category": "bathroom",
      "label": "bathroom_1",
      "bbox": [],
      "objects_in_room": [
        5,
        6,
        21,
        53
      ]
    },
    "2": {
      "id": 2,
      "category": "bathroom",
      "label": "bathroom_2",
      "bbox": [],
      "objects_in_room": [
        7,
        19
      ]
    },
    "3": {
      "id": 3,
      "category": "bathroom",
      "label": "bathroom_3",
      "bbox": [],
      "objects_in_room": []
    },
    "4": {
      "id": 4,
      "category": "bathroom",
      "label": "bathroom_4",
      "bbox": [],
      "objects_in_room": [
        18
      ]
    },
    "5": {
      "id": 5,
      "category": "bathroom",
      "label": "bathroom_5",
      "bbox": [],
      "objects_in_room": []
    },
    "6": {
      "id": 6,
      "category": "bathroom",
      "label": "bathroom_6",
      "bbox": [],
      "objects_in_room": [
        20
      ]
    },
    "7": {
      "id": 7,
      "category": "bedroom",
      "label": "bedroom_7",
      "bbox": [],
      "objects_in_room": [
        31,
        32,
        48,
        56
      ]
    },
    "8": {
      "id": 8,
      "category": "closet",
      "label": "closet_8",
      "bbox": [],
      "objects_in_room": []
    },
    "9": {
      "id": 9,
      "category": "corridor",
      "label": "corridor_9",
      "bbox": [],
      "objects_in_room": []
    },
    "10": {
      "id": 10,
      "category": "corridor",
      "label": "corridor_10",
      "bbox": [],
      "objects_in_room": []
    },
    "11": {
      "id": 11,
      "category": "corridor",
      "label": "corridor_11",
      "bbox": [],
      "objects_in_room": []
    },
    "12": {
      "id": 12,
      "category": "corridor",
      "label": "corridor_12",
      "bbox": [],
      "objects_in_room": []
    },
    "13": {
      "id": 13,
      "category": "corridor",
      "label": "corridor_13",
      "bbox": [],
      "objects_in_room": []
    },
    "14": {
      "id": 14,
      "category": "corridor",
      "label": "corridor_14",
      "bbox": [],
      "objects_in_room": [
        9
      ]
    },
    "15": {
      "id": 15,
      "category": "corridor",
      "label": "corridor_15",
      "bbox": [],
      "objects_in_room": []
    },
    "16": {
      "id": 16,
      "category": "corridor",
      "label": "corridor_16",
      "bbox": [],
      "objects_in_room": []
    },
    "17": {
      "id": 17,
      "category": "corridor",
      "label": "corridor_17",
      "bbox": [],
      "objects_in_room": []
    },
    "18": {
      "id": 18,
      "category": "dining_room",
      "label": "dining_room_18",
      "bbox": [],
      "objects_in_room": [
        24,
        25,
        47,
        58,
        60
      ]
    },
    "19": {
      "id": 19,
      "category": "dining_room",
      "label": "dining_room_19",
      "bbox": [],
      "objects_in_room": [
        26,
        27,
        41,
        42,
        57
      ]
    },
    "20": {
      "id": 20,
      "category": "empty_room",
      "label": "empty_room_20",
      "bbox": [],
      "objects_in_room": []
    },
    "21": {
      "id": 21,
      "category": "empty_room",
      "label": "empty_room_21",
      "bbox": [],
      "objects_in_room": []
    },
    "22": {
      "id": 22,
      "category": "empty_room",
      "label": "empty_room_22",
      "bbox": [],
      "objects_in_room": []
    },
    "23": {
      "id": 23,
      "category": "empty_room",
      "label": "empty_room_23",
      "bbox": [],
      "objects_in_room": []
    },
    "24": {
      "id": 24,
      "category": "exercise_room",
      "label": "exercise_room_24",
      "bbox": [],
      "objects_in_room": []
    },
    "25": {
      "id": 25,
      "category": "home_office",
      "label": "home_office_25",
      "bbox": [],
      "objects_in_room": []
    },
    "26": {
      "id": 26,
      "category": "home_office",
      "label": "home_office_26",
      "bbox": [],
      "objects_in_room": []
    },
    "27": {
      "id": 27,
      "category": "kitchen",
      "label": "kitchen_27",
      "bbox": [],
      "objects_in_room": [
        1,
        3,
        16,
        22,
        23,
        39,
        49
      ]
    },
    "28": {
      "id": 28,
      "category": "kitchen",
      "label": "kitchen_28",
      "bbox": [],
      "objects_in_room": [
        2,
        4
      ]
    },
    "29": {
      "id": 29,
      "category": "kitchen",
      "label": "kitchen_29",
      "bbox": [],
      "objects_in_room": [
        59
      ]
    },
    "30": {
      "id": 30,
      "category": "living_room",
      "label": "living_room_30",
      "bbox": [],
      "objects_in_room": [
        13,
        15,
        17,
        33,
        34,
        36,
        37,
        38,
        40,
        51,
        52,
        54,
        55
      ]
    },
    "31": {
      "id": 31,
      "category": "living_room",
      "label": "living_room_31",
      "bbox": [],
      "objects_in_room": [
        10,
        11,
        12,
        14,
        29,
        30,
        35,
        45,
        46,
        50
      ]
    },
    "32": {
      "id": 32,
      "category": "lobby",
      "label": "lobby_32",
      "bbox": [],
      "objects_in_room": [
        28,
        43
      ]
    },
    "33": {
      "id": 33,
      "category": "staircase",
      "label": "staircase_33",
      "bbox": [],
      "objects_in_room": [
        44
      ]
    },
    "34": {
      "id": 34,
      "category": "staircase",
      "label": "staircase_34",
      "bbox": [],
      "objects_in_room": []
    },
    "35": {
      "id": 35,
      "category": "storage_room",
      "label": "storage_room_35",
      "bbox": [],
      "objects_in_room": []
    },
    "36": {
      "id": 36,
      "category": "utility_room",
      "label": "utility_room_36",
      "bbox": [],
      "objects_in_room": [
        8
      ]
    }
  },
  "objects": {
    "1": {
      "id": 1,
      "class": "oven",
      "label": "oven_1",
      "parent_room": 27,
      "description": "Red oven made of metal, used for baking and cooking food to a high temperature.",
      "bbox": [],
      "action_affordance": [
        "open",
        "close",
        "heat",
        "turn on",
        "turn off",
        "clean"
      ]
    },
    "2": {
      "id": 2,
      "class": "oven",
      "label": "oven_2",
      "parent_room": 28,
      "description": "Shiny silver oven made of metal, used for baking and heating food.",
      "bbox": [],
      "action_affordance": [
        "open",
        "close",
        "heat",
        "turn on",
        "turn off",
        "clean"
      ]
    },
    "3": {
      "id": 3,
      "class": "sink",
      "label": "sink_3",
      "parent_room": 27,
      "description": "White sink made of porcelain, used for washing dishes and cleaning hands.",
      "bbox": [],
      "action_affordance": [
        "wash",
        "clean"
      ]
    },
    "4": {
      "id": 4,
      "class": "sink",
      "label": "sink_4",
      "parent_room": 28,
      "description": "White sink made of porcelain, used for washing dishes and hands.",
      "bbox": [],
      "action_affordance": [
        "wash",
        "clean"
      ]
    },
    "5": {
      "id": 5,
      "class": "sink",
      "label": "sink_5",
      "parent_room": 1,
      "description": "White sink made of porcelain, used for washing dishes and cleaning hands.",
      "bbox": [],
      "action_affordance": [
        "wash",
        "clean"
      ]
    },
    "6": {
      "id": 6,
      "class": "sink",
      "label": "sink_6",
      "parent_room": 1,
      "description": "White sink made of porcelain, used for washing dishes and hands.",
      "bbox": [],
      "action_affordance": [
        "wash",
        "clean"
      ]
    },
    "7": {
      "id": 7,
      "class": "sink",
      "label": "sink_7",
      "parent_room": 2,
      "description": "White sink made of porcelain, used for washing dishes and hands.",
      "bbox": [],
      "action_affordance": [
        "wash",
        "clean"
      ]
    },
    "8": {
      "id": 8,
      "class": "sink",
      "label": "sink_8",
      "parent_room": 36,
      "description": "White sink made of porcelain, used for washing dishes and cleaning hands.",
      "bbox": [],
      "action_affordance": [
        "wash",
        "clean"
      ]
    },
    "9": {
      "id": 9,
      "class": "refrigerator",
      "label": "refrigerator_9",
      "parent_room": 14,
      "description": "White refrigerator made of steel, used for storing and preserving food at cold temperatures.",
      "bbox": [],
      "action_affordance": [
        "open",
        "close",
        "clean",
        "move"
      ]
    },
    "10": {
      "id": 10,
      "class": "book",
      "label": "book_10",
      "parent_room": 31,
      "description": "Brown book made of paper, used for reading and learning knowledge.",
      "bbox": [],
      "action_affordance": [
        "open",
        "close",
        "read",
        "borrow",
        "lend"
      ]
    },
    "11": {
      "id": 11,
      "class": "book",
      "label": "book_11",
      "parent_room": 31,
      "description": "Brown book made of paper, used for reading and learning information.",
      "bbox": [],
      "action_affordance": [
        "open",
        "close",
        "read",
        "borrow",
        "lend"
      ]
    },
    "12": {
      "id": 12,
      "class": "book",
      "label": "book_12",
      "parent_room": 31,
      "description": "Brown book made of paper, used for reading and learning information.",
      "bbox": [],
      "action_affordance": [
        "open",
        "close",
        "read",
        "borrow",
        "lend"
      ]
    },
    "13": {
      "id": 13,
      "class": "book",
      "label": "book_13",
      "parent_room": 30,
      "description": "Brown book made of paper, used for reading and learning information.",
      "bbox": [],
      "action_affordance": [
        "open",
        "close",
        "read",
        "borrow",
        "lend"
      ]
    },
    "14": {
      "id": 14,
      "class": "clock",
      "label": "clock_14",
      "parent_room": 31,
      "description": "Classic clock, made of wood and metal, used for telling time.",
      "bbox": [],
      "action_affordance": [
        "look at",
        "set",
        "hang",
        "place"
      ]
    },
    "15": {
      "id": 15,
      "class": "bottle",
      "label": "bottle_15",
      "parent_room": 30,
      "description": "Clear bottle made of glass, used for holding liquids like water or juice.",
      "bbox": [],
      "action_affordance": [
        "grab",
        "open",
        "hold",
        "drink from"
      ]
    },
    "16": {
      "id": 16,
      "class": "bowl",
      "label": "bowl_16",
      "parent_room": 27,
      "description": "Ceramic bowl made of ceramic, used for holding food or decorative items.",
      "bbox": [],
      "action_affordance": [
        "grab",
        "eat from",
        "clean",
        "hold",
        "set on"
      ]
    },
    "17": {
      "id": 17,
      "class": "vase",
      "label": "vase_17",
      "parent_room": 30,
      "description": "Ceramic vase made of ceramic, used for holding flowers or decorative items.",
      "bbox": [],
      "action_affordance": [
        "fill",
        "pick up",
        "break",
        "clean"
      ]
    },
    "18": {
      "id": 18,
      "class": "toilet",
      "label": "toilet_18",
      "parent_room": 4,
      "description": "White toilet made of porcelain, used for relieving oneself and maintaining hygiene.",
      "bbox": [],
      "action_affordance": [
        "sit on",
        "clean",
        "flush",
        "close",
        "open"
      ]
    },
    "19": {
      "id": 19,
      "class": "toilet",
      "label": "toilet_19",
      "parent_room": 2,
      "description": "White toilet made of porcelain, used for sanitation and waste disposal.",
      "bbox": [],
      "action_affordance": [
        "sit on",
        "clean",
        "flush",
        "close",
        "open"
      ]
    },
    "20": {
      "id": 20,
      "class": "toilet",
      "label": "toilet_20",
      "parent_room": 6,
      "description": "White toilet made of porcelain, used for eliminating waste and maintaining hygiene.",
      "bbox": [],
      "action_affordance": [
        "sit on",
        "clean",
        "flush",
        "close",
        "open"
      ]
    },
    "21": {
      "id": 21,
      "class": "toilet",
      "label": "toilet_21",
      "parent_room": 1,
      "description": "White toilet made of porcelain, used for eliminating waste and maintaining hygiene.",
      "bbox": [],
      "action_affordance": [
        "sit on",
        "clean",
        "flush",
        "close",
        "open"
      ]
    },
    "22": {
      "id": 22,
      "class": "chair",
      "label": "chair_22",
      "parent_room": 27,
      "description": "Wooden chair made of wood, used for sitting and supporting a person.",
      "bbox": [],
      "action_affordance": [
        "sit on",
        "step on",
        "clean",
        "break",
        "move"
      ]
    },
    "23": {
      "id": 23,
      "class": "chair",
      "label": "chair_23",
      "parent_room": 27,
      "description": "Brown chair made of wood, used for sitting and supporting a person.",
      "bbox": [],
      "action_affordance": [
        "sit on",
        "step on",
        "clean",
        "break",
        "move"
      ]
    },
    "24": {
      "id": 24,
      "class": "chair",
      "label": "chair_24",
      "parent_room": 18,
      "description": "Wooden chair made of wood, used for sitting and supporting a person.",
      "bbox": [],
      "action_affordance": [
        "sit on",
        "step on",
        "clean",
        "break",
        "move"
      ]
    },
    "25": {
      "id": 25,
      "class": "chair",
      "label": "chair_25",
      "parent_room": 18,
      "description": "Brown chair made of wood, used for sitting and supporting a person.",
      "bbox": [],
      "action_affordance": [
        "sit on",
        "step on",
        "clean",
        "break",
        "move"
      ]
    },
    "26": {
      "id": 26,
      "class": "chair",
      "label": "chair_26",
      "parent_room": 19,
      "description": "Brown chair made of wood, used for sitting and supporting a person.",
      "bbox": [],
      "action_affordance": [
        "sit on",
        "step on",
        "clean",
        "break",
        "move"
      ]
    },
    "27": {
      "id": 27,
      "class": "chair",
      "label": "chair_27",
      "parent_room": 19,
      "description": "Brown chair made of wood, used for sitting and supporting a person.",
      "bbox": [],
      "action_affordance": [
        "sit on",
        "step on",
        "clean",
        "break",
        "move"
      ]
    },
    "28": {
      "id": 28,
      "class": "chair",
      "label": "chair_28",
      "parent_room": 32,
      "description": "Brown wooden chair made of wood, used for sitting and supporting a person.",
      "bbox": [],
      "action_affordance": [
        "sit on",
        "step on",
        "clean",
        "break",
        "move"
      ]
    },
    "29": {
      "id": 29,
      "class": "chair",
      "label": "chair_29",
      "parent_room": 31,
      "description": "Wooden chair made of wood, used for sitting and supporting a person.",
      "bbox": [],
      "action_affordance": [
        "sit on",
        "step on",
        "clean",
        "break",
        "move"
      ]
    },
    "30": {
      "id": 30,
      "class": "chair",
      "label": "chair_30",
      "parent_room": 31,
      "description": "Wooden chair made of wood, used for sitting and supporting a person.",
      "bbox": [],
      "action_affordance": [
        "sit on",
        "step on",
        "clean",
        "break",
        "move"
      ]
    },
    "31": {
      "id": 31,
      "class": "chair",
      "label": "chair_31",
      "parent_room": 7,
      "description": "Brown chair made of wood, used for sitting and resting.",
      "bbox": [],
      "action_affordance": [
        "sit on",
        "step on",
        "clean",
        "break",
        "move"
      ]
    },
    "32": {
      "id": 32,
      "class": "chair",
      "label": "chair_32",
      "parent_room": 7,
      "description": "Wooden chair made of wood, used for sitting and supporting a person.",
      "bbox": [],
      "action_affordance": [
        "sit on",
        "step on",
        "clean",
        "break",
        "move"
      ]
    },
    "33": {
      "id": 33,
      "class": "chair",
      "label": "chair_33",
      "parent_room": 30,
      "description": "Brown chair made of wood, used for sitting and supporting a person.",
      "bbox": [],
      "action_affordance": [
        "sit on",
        "step on",
        "clean",
        "break",
        "move"
      ]
    },
    "34": {
      "id": 34,
      "class": "chair",
      "label": "chair_34",
      "parent_room": 30,
      "description": "Brown chair made of wood, used for sitting and supporting a person.",
      "bbox": [],
      "action_affordance": [
        "sit on",
        "step on",
        "clean",
        "break",
        "move"
      ]
    },
    "35": {
      "id": 35,
      "class": "couch",
      "label": "couch_35",
      "parent_room": 31,
      "description": "Beige couch made of fabric, used for sitting and relaxing.",
      "bbox": [],
      "action_affordance": [
        "sit on",
        "lay on",
        "step on",
        "tidy",
        "clean",
        "move"
      ]
    },
    "36": {
      "id": 36,
      "class": "couch",
      "label": "couch_36",
      "parent_room": 30,
      "description": "Gray couch made of fabric, used for sitting and relaxing.",
      "bbox": [],
      "action_affordance": [
        "sit on",
        "lay on",
        "step on",
        "tidy",
        "clean",
        "move"
      ]
    },
    "37": {
      "id": 37,
      "class": "couch",
      "label": "couch_37",
      "parent_room": 30,
      "description": "Grey couch made of fabric, used for sitting and relaxing.",
      "bbox": [],
      "action_affordance": [
        "sit on",
        "lay on",
        "step on",
        "tidy",
        "clean",
        "move"
      ]
    },
    "38": {
      "id": 38,
      "class": "couch",
      "label": "couch_38",
      "parent_room": 30,
      "description": "Brown couch made of fabric, used for sitting and relaxing.",
      "bbox": [],
      "action_affordance": [
        "sit on",
        "lay on",
        "step on",
        "tidy",
        "clean",
        "move"
      ]
    },
    "39": {
      "id": 39,
      "class": "potted plant",
      "label": "potted plant_39",
      "parent_room": 27,
      "description": "Green potted plant made of ceramic, used for decoration and bringing nature indoors.",
      "bbox": [],
      "action_affordance": [
        "water",
        "pick up",
        "move"
      ]
    },
    "40": {
      "id": 40,
      "class": "potted plant",
      "label": "potted plant_40",
      "parent_room": 30,
      "description": "Green potted plant made of ceramic, used for decoration and bringing nature indoors.",
      "bbox": [],
      "action_affordance": [
        "water",
        "pick up",
        "move"
      ]
    },
    "41": {
      "id": 41,
      "class": "potted plant",
      "label": "potted plant_41",
      "parent_room": 19,
      "description": "Green potted plant made of ceramic, used for decoration and bringing nature indoors.",
      "bbox": [],
      "action_affordance": [
        "water",
        "pick up",
        "move"
      ]
    },
    "42": {
      "id": 42,
      "class": "potted plant",
      "label": "potted plant_42",
      "parent_room": 19,
      "description": "Green potted plant made of ceramic, used for decoration and bringing nature indoors.",
      "bbox": [],
      "action_affordance": [
        "water",
        "pick up",
        "move"
      ]
    },
    "43": {
      "id": 43,
      "class": "potted plant",
      "label": "potted plant_43",
      "parent_room": 32,
      "description": "Green potted plant made of ceramic, used for decoration and bringing nature indoors.",
      "bbox": [],
      "action_affordance": [
        "water",
        "pick up",
        "move"
      ]
    },
    "44": {
      "id": 44,
      "class": "potted plant",
      "label": "potted plant_44",
      "parent_room": 33,
      "description": "Green potted plant made of ceramic, used for decoration and bringing nature indoors.",
      "bbox": [],
      "action_affordance": [
        "water",
        "pick up",
        "move"
      ]
    },
    "45": {
      "id": 45,
      "class": "potted plant",
      "label": "potted plant_45",
      "parent_room": 31,
      "description": "Green potted plant made of ceramic, used for decoration and bringing nature indoors.",
      "bbox": [],
      "action_affordance": [
        "water",
        "pick up",
        "move"
      ]
    },
    "46": {
      "id": 46,
      "class": "potted plant",
      "label": "potted plant_46",
      "parent_room": 31,
      "description": "Green potted plant made of ceramic, used for decoration and bringing nature indoors.",
      "bbox": [],
      "action_affordance": [
        "water",
        "pick up",
        "move"
      ]
    },
    "47": {
      "id": 47,
      "class": "potted plant",
      "label": "potted plant_47",
      "parent_room": 18,
      "description": "Green potted plant made of ceramic, used for decoration and bringing life indoors.",
      "bbox": [],
      "action_affordance": [
        "water",
        "pick up",
        "move"
      ]
    },
    "48": {
      "id": 48,
      "class": "potted plant",
      "label": "potted plant_48",
      "parent_room": 7,
      "description": "Green potted plant made of ceramic, used for decoration and bringing nature indoors.",
      "bbox": [],
      "action_affordance": [
        "water",
        "pick up",
        "move"
      ]
    },
    "49": {
      "id": 49,
      "class": "potted plant",
      "label": "potted plant_49",
      "parent_room": 27,
      "description": "Green potted plant made of ceramic, used for decoration and bringing life indoors.",
      "bbox": [],
      "action_affordance": [
        "water",
        "pick up",
        "move"
      ]
    },
    "50": {
      "id": 50,
      "class": "potted plant",
      "label": "potted plant_50",
      "parent_room": 31,
      "description": "Green potted plant made of ceramic, used for decoration and adding life to a space.",
      "bbox": [],
      "action_affordance": [
        "water",
        "pick up",
        "move"
      ]
    },
    "51": {
      "id": 51,
      "class": "potted plant",
      "label": "potted plant_51",
      "parent_room": 30,
      "description": "Green potted plant made of ceramic, used for decoration and bringing nature indoors.",
      "bbox": [],
      "action_affordance": [
        "water",
        "pick up",
        "move"
      ]
    },
    "52": {
      "id": 52,
      "class": "potted plant",
      "label": "potted plant_52",
      "parent_room": 30,
      "description": "Green potted plant made of ceramic, used for decoration and bringing nature indoors.",
      "bbox": [],
      "action_affordance": [
        "water",
        "pick up",
        "move"
      ]
    },
    "53": {
      "id": 53,
      "class": "potted plant",
      "label": "potted plant_53",
      "parent_room": 1,
      "description": "Green potted plant made of ceramic, used for decoration and bringing life indoors.",
      "bbox": [],
      "action_affordance": [
        "water",
        "pick up",
        "move"
      ]
    },
    "54": {
      "id": 54,
      "class": "potted plant",
      "label": "potted plant_54",
      "parent_room": 30,
      "description": "Green potted plant made of ceramic, used for adding life and beauty to a space.",
      "bbox": [],
      "action_affordance": [
        "water",
        "pick up",
        "move"
      ]
    },
    "55": {
      "id": 55,
      "class": "potted plant",
      "label": "potted plant_55",
      "parent_room": 30,
      "description": "Green potted plant made of ceramic, used for decoration and bringing nature indoors.",
      "bbox": [],
      "action_affordance": [
        "water",
        "pick up",
        "move"
      ]
    },
    "56": {
      "id": 56,
      "class": "bed",
      "label": "bed_56",
      "parent_room": 7,
      "description": "Cream bed made of wood, used for sleeping and resting comfortably.",
      "bbox": [],
      "action_affordance": [
        "make",
        "sit on",
        "step on",
        "lay on",
        "move"
      ]
    },
    "57": {
      "id": 57,
      "class": "dining table",
      "label": "dining table_57",
      "parent_room": 19,
      "description": "Brown dining table made of wood, used for eating meals and hosting gatherings.",
      "bbox": [],
      "action_affordance": [
        "sit at",
        "lay on",
        "pick up",
        "move",
        "clean",
        "set",
        "decorate"
      ]
    },
    "58": {
      "id": 58,
      "class": "dining table",
      "label": "dining table_58",
      "parent_room": 18,
      "description": "Brown dining table made of wood, used for eating meals and hosting gatherings.",
      "bbox": [],
      "action_affordance": [
        "sit at",
        "lay on",
        "pick up",
        "move",
        "clean",
        "set",
        "decorate"
      ]
    },
    "59": {
      "id": 59,
      "class": "tv",
      "label": "tv_59",
      "parent_room": 29,
      "description": "Black TV made of plastic and glass, used for watching movies and shows.",
      "bbox": [],
      "action_affordance": [
        "turn on",
        "turn off",
        "look at",
        "move",
        "plug"
      ]
    },
    "60": {
      "id": 60,
      "class": "fruit_bowl",
      "label": "fruit_bowl_60",
      "parent_room": 18,
      "description": "Ceramic fruit bowl made of ceramic, used for displaying and holding fresh fruits.",
      "bbox": [],
      "action_affordance": []
    }
  }
}