{
  "scene_info": {
    "total_rooms": 7,
    "total_objects": 30
  },
  "rooms": {
    "1": {
      "id": 1,
      "category": "bathroom",
      "label": "bathroom_1",
      "bbox": [],
      "objects_in_room": [
        3,
        4,
        9,
        20,
        30
      ]
    },
    "2": {
      "id": 2,
      "category": "bedroom",
      "label": "bedroom_2",
      "bbox": [],
      "objects_in_room": [
        16,
        23
      ]
    },
    "3": {
      "id": 3,
      "category": "corridor",
      "label": "corridor_3",
      "bbox": [],
      "objects_in_room": [
        21,
        25,
        27,
        28
      ]
    },
    "4": {
      "id": 4,
      "category": "corridor",
      "label": "corridor_4",
      "bbox": [],
      "objects_in_room": [
        26
      ]
    },
    "5": {
      "id": 5,
      "category": "dining_room",
      "label": "dining_room_5",
      "bbox": [],
      "objects_in_room": [
        11,
        12,
        17,
        18,
        22,
        24
      ]
    },
    "6": {
      "id": 6,
      "category": "kitchen",
      "label": "kitchen_6",
      "bbox": [],
      "objects_in_room": [
        1,
        2,
        5,
        6,
        19,
        29
      ]
    },
    "7": {
      "id": 7,
      "category": "living_room",
      "label": "living_room_7",
      "bbox": [],
      "objects_in_room": [
        7,
        8,
        10,
        13,
        14,
        15
      ]
    }
  },
  "objects": {
    "1": {
      "id": 1,
      "class": "oven",
      "label": "oven_1",
      "parent_room": 6,
      "description": "Red oven made of steel, used for baking and cooking food.",
      "bbox": [],
      "action_affordance": [
        "open",
        "close",
        "heat",
        "turn on",
        "turn off",
        "clean"
      ]
    },
    "2": {
      "id": 2,
      "class": "sink",
      "label": "sink_2",
      "parent_room": 6,
      "description": "White sink made of porcelain, used for washing dishes and cleaning items.",
      "bbox": [],
      "action_affordance": [
        "wash",
        "clean"
      ]
    },
    "3": {
      "id": 3,
      "class": "sink",
      "label": "sink_3",
      "parent_room": 1,
      "description": "White sink made of porcelain, used for washing dishes and hands.",
      "bbox": [],
      "action_affordance": [
        "wash",
        "clean"
      ]
    },
    "4": {
      "id": 4,
      "class": "sink",
      "label": "sink_4",
      "parent_room": 1,
      "description": "White sink made of porcelain, used for washing dishes and cleaning hands.",
      "bbox": [],
      "action_affordance": [
        "wash",
        "clean"
      ]
    },
    "5": {
      "id": 5,
      "class": "refrigerator",
      "label": "refrigerator_5",
      "parent_room": 6,
      "description": "White refrigerator made of steel, used for storing and preserving food at cold temperatures.",
      "bbox": [],
      "action_affordance": [
        "open",
        "close",
        "clean",
        "move"
      ]
    },
    "6": {
      "id": 6,
      "class": "refrigerator",
      "label": "refrigerator_6",
      "parent_room": 6,
      "description": "White refrigerator made of steel, used for keeping food cold and preserving freshness.",
      "bbox": [],
      "action_affordance": [
        "open",
        "close",
        "clean",
        "move"
      ]
    },
    "7": {
      "id": 7,
      "class": "vase",
      "label": "vase_7",
      "parent_room": 7,
      "description": "Ceramic vase made of ceramic, used for holding flowers or decorative items.",
      "bbox": [],
      "action_affordance": [
        "fill",
        "pick up",
        "break",
        "clean"
      ]
    },
    "8": {
      "id": 8,
      "class": "vase",
      "label": "vase_8",
      "parent_room": 7,
      "description": "White vase made of ceramic, used for holding flowers or decorative items.",
      "bbox": [],
      "action_affordance": [
        "fill",
        "pick up",
        "break",
        "clean"
      ]
    },
    "9": {
      "id": 9,
      "class": "toilet",
      "label": "toilet_9",
      "parent_room": 1,
      "description": "White toilet made of porcelain, used for relieving oneself and maintaining hygiene.",
      "bbox": [],
      "action_affordance": [
        "sit on",
        "clean",
        "flush",
        "close",
        "open"
      ]
    },
    "10": {
      "id": 10,
      "class": "chair",
      "label": "chair_10",
      "parent_room": 7,
      "description": "Brown chair made of wood, used for sitting and resting.",
      "bbox": [],
      "action_affordance": [
        "sit on",
        "step on",
        "clean",
        "break",
        "move"
      ]
    },
    "11": {
      "id": 11,
      "class": "chair",
      "label": "chair_11",
      "parent_room": 5,
      "description": "Brown chair made of wood, used for sitting and providing support.",
      "bbox": [],
      "action_affordance": [
        "sit on",
        "step on",
        "clean",
        "break",
        "move"
      ]
    },
    "12": {
      "id": 12,
      "class": "chair",
      "label": "chair_12",
      "parent_room": 5,
      "description": "Wooden chair made of wood, used for sitting and supporting a person.",
      "bbox": [],
      "action_affordance": [
        "sit on",
        "step on",
        "clean",
        "break",
        "move"
      ]
    },
    "13": {
      "id": 13,
      "class": "couch",
      "label": "couch_13",
      "parent_room": 7,
      "description": "Brown couch made of leather, used for sitting and relaxing.",
      "bbox": [],
      "action_affordance": [
        "sit on",
        "lay on",
        "step on",
        "tidy",
        "clean",
        "move"
      ]
    },
    "14": {
      "id": 14,
      "class": "couch",
      "label": "couch_14",
      "parent_room": 7,
      "description": "Beige couch made of fabric, used for sitting and relaxing.",
      "bbox": [],
      "action_affordance": [
        "sit on",
        "lay on",
        "step on",
        "tidy",
        "clean",
        "move"
      ]
    },
    "15": {
      "id": 15,
      "class": "potted plant",
      "label": "potted plant_15",
      "parent_room": 7,
      "description": "Green potted plant made of ceramic, used for decoration and bringing nature indoors.",
      "bbox": [],
      "action_affordance": [
        "water",
        "pick up",
        "move"
      ]
    },
    "16": {
      "id": 16,
      "class": "bed",
      "label": "bed_16",
      "parent_room": 2,
      "description": "Cream bed made of wood, used for sleeping and resting comfortably.",
      "bbox": [],
      "action_affordance": [
        "make",
        "sit on",
        "step on",
        "lay on",
        "move"
      ]
    },
    "17": {
      "id": 17,
      "class": "dining table",
      "label": "dining table_17",
      "parent_room": 5,
      "description": "Brown dining table made of wood, used for eating meals and hosting gatherings.",
      "bbox": [],
      "action_affordance": [
        "sit at",
        "lay on",
        "pick up",
        "move",
        "clean",
        "set",
        "decorate"
      ]
    },
    "18": {
      "id": 18,
      "class": "dining table",
      "label": "dining table_18",
      "parent_room": 5,
      "description": "Brown dining table made of wood, used for eating meals and gatherings with family and friends.",
      "bbox": [],
      "action_affordance": [
        "sit at",
        "lay on",
        "pick up",
        "move",
        "clean",
        "set",
        "decorate"
      ]
    },
    "19": {
      "id": 19,
      "class": "plate",
      "label": "plate_19",
      "parent_room": 6,
      "description": "White plate made of ceramic, used for serving and eating food.",
      "bbox": [],
      "action_affordance": []
    },
    "20": {
      "id": 20,
      "class": "fork",
      "label": "fork_20",
      "parent_room": 1,
      "description": "Silver fork made of stainless steel, used for eating food.",
      "bbox": [],
      "action_affordance": []
    },
    "21": {
      "id": 21,
      "class": "knife",
      "label": "knife_21",
      "parent_room": 3,
      "description": "Silver knife made of steel, used for cutting food and other materials.",
      "bbox": [],
      "action_affordance": []
    },
    "22": {
      "id": 22,
      "class": "spoon",
      "label": "spoon_22",
      "parent_room": 5,
      "description": "Silver spoon made of stainless steel, used for eating and stirring food.",
      "bbox": [],
      "action_affordance": []
    },
    "23": {
      "id": 23,
      "class": "glass",
      "label": "glass_23",
      "parent_room": 2,
      "description": "Clear glass tumbler made of glass, used for drinking water or other beverages.",
      "bbox": [],
      "action_affordance": []
    },
    "24": {
      "id": 24,
      "class": "napkin",
      "label": "napkin_24",
      "parent_room": 5,
      "description": "White napkin made of linen, used for wiping spills or serving food.",
      "bbox": [],
      "action_affordance": []
    },
    "25": {
      "id": 25,
      "class": "fork",
      "label": "fork_25",
      "parent_room": 3,
      "description": "Silver fork made of stainless steel, used for eating food.",
      "bbox": [],
      "action_affordance": []
    },
    "26": {
      "id": 26,
      "class": "fork",
      "label": "fork_26",
      "parent_room": 4,
      "description": "Silver fork made of stainless steel, used for eating food.",
      "bbox": [],
      "action_affordance": []
    },
    "27": {
      "id": 27,
      "class": "knife",
      "label": "knife_27",
      "parent_room": 3,
      "description": "Silver knife made of steel, used for cutting food or defense.",
      "bbox": [],
      "action_affordance": []
    },
    "28": {
      "id": 28,
      "class": "knife",
      "label": "knife_28",
      "parent_room": 3,
      "description": "Silver knife made of steel, used for cutting food or defense.",
      "bbox": [],
      "action_affordance": []
    },
    "29": {
      "id": 29,
      "class": "bowl",
      "label": "bowl_29",
      "parent_room": 6,
      "description": "White bowl made of ceramic, used for holding food or decorative items.",
      "bbox": [],
      "action_affordance": []
    },
    "30": {
      "id": 30,
      "class": "plate",
      "label": "plate_30",
      "parent_room": 1,
      "description": "White plate made of ceramic, used for serving food.",
      "bbox": [],
      "action_affordance": []
    }
  }
}