{
  "scene_info": {
    "total_rooms": 11,
    "total_objects": 38
  },
  "rooms": {
    "1": {
      "id": 1,
      "category": "bathroom",
      "label": "bathroom_1",
      "bbox": [],
      "objects_in_room": [
        3,
        7,
        20,
        28
      ]
    },
    "2": {
      "id": 2,
      "category": "bathroom",
      "label": "bathroom_2",
      "bbox": [],
      "objects_in_room": [
        5,
        21,
        29
      ]
    },
    "3": {
      "id": 3,
      "category": "bedroom",
      "label": "bedroom_3",
      "bbox": [],
      "objects_in_room": [
        31,
        37
      ]
    },
    "4": {
      "id": 4,
      "category": "bedroom",
      "label": "bedroom_4",
      "bbox": [],
      "objects_in_room": [
        11,
        30,
        32
      ]
    },
    "5": {
      "id": 5,
      "category": "corridor",
      "label": "corridor_5",
      "bbox": [],
      "objects_in_room": []
    },
    "6": {
      "id": 6,
      "category": "corridor",
      "label": "corridor_6",
      "bbox": [],
      "objects_in_room": []
    },
    "7": {
      "id": 7,
      "category": "corridor",
      "label": "corridor_7",
      "bbox": [],
      "objects_in_room": [
        34,
        35
      ]
    },
    "8": {
      "id": 8,
      "category": "dining_room",
      "label": "dining_room_8",
      "bbox": [],
      "objects_in_room": [
        8,
        9,
        10,
        23,
        24,
        33
      ]
    },
    "9": {
      "id": 9,
      "category": "kitchen",
      "label": "kitchen_9",
      "bbox": [],
      "objects_in_room": [
        1,
        2,
        4,
        6,
        16,
        18,
        19,
        26,
        38
      ]
    },
    "10": {
      "id": 10,
      "category": "living_room",
      "label": "living_room_10",
      "bbox": [],
      "objects_in_room": [
        17,
        22,
        25,
        27
      ]
    },
    "11": {
      "id": 11,
      "category": "lobby",
      "label": "lobby_11",
      "bbox": [],
      "objects_in_room": [
        12,
        13,
        14,
        15,
        36
      ]
    }
  },
  "objects": {
    "1": {
      "id": 1,
      "class": "microwave",
      "label": "microwave_1",
      "parent_room": 9,
      "description": "White microwave made of metal and plastic, used for heating food quickly and efficiently.",
      "bbox": [],
      "action_affordance": [
        "open",
        "close",
        "cook",
        "heat",
        "defrost",
        "clean"
      ]
    },
    "2": {
      "id": 2,
      "class": "oven",
      "label": "oven_2",
      "parent_room": 9,
      "description": "Red oven made of steel, used for baking and cooking food at high temperatures.",
      "bbox": [],
      "action_affordance": [
        "open",
        "close",
        "heat",
        "turn on",
        "turn off",
        "clean"
      ]
    },
    "3": {
      "id": 3,
      "class": "sink",
      "label": "sink_3",
      "parent_room": 1,
      "description": "White sink made of porcelain, used for washing dishes and cleaning hands.",
      "bbox": [],
      "action_affordance": [
        "wash",
        "clean"
      ]
    },
    "4": {
      "id": 4,
      "class": "sink",
      "label": "sink_4",
      "parent_room": 9,
      "description": "White sink made of porcelain, used for washing dishes and cleaning items.",
      "bbox": [],
      "action_affordance": [
        "wash",
        "clean"
      ]
    },
    "5": {
      "id": 5,
      "class": "sink",
      "label": "sink_5",
      "parent_room": 2,
      "description": "White sink made of porcelain, used for washing dishes and hands.",
      "bbox": [],
      "action_affordance": [
        "wash",
        "clean"
      ]
    },
    "6": {
      "id": 6,
      "class": "refrigerator",
      "label": "refrigerator_6",
      "parent_room": 9,
      "description": "White refrigerator made of steel, used for storing and preserving food at cold temperatures.",
      "bbox": [],
      "action_affordance": [
        "open",
        "close",
        "clean",
        "move"
      ]
    },
    "7": {
      "id": 7,
      "class": "vase",
      "label": "vase_7",
      "parent_room": 1,
      "description": "Ceramic vase made of ceramic, used for holding flowers or decorative items.",
      "bbox": [],
      "action_affordance": [
        "fill",
        "pick up",
        "break",
        "clean"
      ]
    },
    "8": {
      "id": 8,
      "class": "vase",
      "label": "vase_8",
      "parent_room": 8,
      "description": "Cream vase made of ceramic, used for displaying flowers or decorative items.",
      "bbox": [],
      "action_affordance": [
        "fill",
        "pick up",
        "break",
        "clean"
      ]
    },
    "9": {
      "id": 9,
      "class": "vase",
      "label": "vase_9",
      "parent_room": 8,
      "description": "Ceramic vase made of ceramic, used for holding flowers or displaying decorative items.",
      "bbox": [],
      "action_affordance": [
        "fill",
        "pick up",
        "break",
        "clean"
      ]
    },
    "10": {
      "id": 10,
      "class": "vase",
      "label": "vase_10",
      "parent_room": 8,
      "description": "Ceramic vase made of ceramic, used for holding flowers or decorative arrangements.",
      "bbox": [],
      "action_affordance": [
        "fill",
        "pick up",
        "break",
        "clean"
      ]
    },
    "11": {
      "id": 11,
      "class": "vase",
      "label": "vase_11",
      "parent_room": 4,
      "description": "Cream vase made of ceramic, used for holding flowers or decorative items.",
      "bbox": [],
      "action_affordance": [
        "fill",
        "pick up",
        "break",
        "clean"
      ]
    },
    "12": {
      "id": 12,
      "class": "vase",
      "label": "vase_12",
      "parent_room": 11,
      "description": "Ceramic vase made of ceramic, used for holding flowers or decorative items.",
      "bbox": [],
      "action_affordance": [
        "fill",
        "pick up",
        "break",
        "clean"
      ]
    },
    "13": {
      "id": 13,
      "class": "vase",
      "label": "vase_13",
      "parent_room": 11,
      "description": "Ceramic vase made of ceramic, used for holding flowers or decorative items.",
      "bbox": [],
      "action_affordance": [
        "fill",
        "pick up",
        "break",
        "clean"
      ]
    },
    "14": {
      "id": 14,
      "class": "vase",
      "label": "vase_14",
      "parent_room": 11,
      "description": "Ceramic vase made of ceramic, used for holding flowers or decorative items.",
      "bbox": [],
      "action_affordance": [
        "fill",
        "pick up",
        "break",
        "clean"
      ]
    },
    "15": {
      "id": 15,
      "class": "vase",
      "label": "vase_15",
      "parent_room": 11,
      "description": "Ceramic vase made of ceramic, used for holding flowers or decorative items.",
      "bbox": [],
      "action_affordance": [
        "fill",
        "pick up",
        "break",
        "clean"
      ]
    },
    "16": {
      "id": 16,
      "class": "bowl",
      "label": "bowl_16",
      "parent_room": 9,
      "description": "Ceramic bowl made of ceramic, used for holding food or decorative items.",
      "bbox": [],
      "action_affordance": [
        "grab",
        "eat from",
        "clean",
        "hold",
        "set on"
      ]
    },
    "17": {
      "id": 17,
      "class": "bowl",
      "label": "bowl_17",
      "parent_room": 10,
      "description": "White bowl made of ceramic, used for holding food or decorative items.",
      "bbox": [],
      "action_affordance": [
        "grab",
        "eat from",
        "clean",
        "hold",
        "set on"
      ]
    },
    "18": {
      "id": 18,
      "class": "apple",
      "label": "apple_18",
      "parent_room": 9,
      "description": "Red apple made of fruit, used for eating and snacking.",
      "bbox": [],
      "action_affordance": [
        "eat",
        "grab",
        "peel",
        "hold",
        "through away",
        "pick up",
        "bite"
      ]
    },
    "19": {
      "id": 19,
      "class": "apple",
      "label": "apple_19",
      "parent_room": 9,
      "description": "Red apple made of fruit, used for eating and snacking.",
      "bbox": [],
      "action_affordance": [
        "eat",
        "grab",
        "peel",
        "hold",
        "through away",
        "pick up",
        "bite"
      ]
    },
    "20": {
      "id": 20,
      "class": "toilet",
      "label": "toilet_20",
      "parent_room": 1,
      "description": "White toilet made of porcelain, used for relieving oneself and maintaining hygiene.",
      "bbox": [],
      "action_affordance": [
        "sit on",
        "clean",
        "flush",
        "close",
        "open"
      ]
    },
    "21": {
      "id": 21,
      "class": "toilet",
      "label": "toilet_21",
      "parent_room": 2,
      "description": "White toilet made of porcelain, used for relieving oneself and maintaining hygiene.",
      "bbox": [],
      "action_affordance": [
        "sit on",
        "clean",
        "flush",
        "close",
        "open"
      ]
    },
    "22": {
      "id": 22,
      "class": "chair",
      "label": "chair_22",
      "parent_room": 10,
      "description": "Brown chair made of wood, used for sitting and supporting a person.",
      "bbox": [],
      "action_affordance": [
        "sit on",
        "step on",
        "clean",
        "break",
        "move"
      ]
    },
    "23": {
      "id": 23,
      "class": "chair",
      "label": "chair_23",
      "parent_room": 8,
      "description": "Brown chair made of wood, used for sitting and supporting a person.",
      "bbox": [],
      "action_affordance": [
        "sit on",
        "step on",
        "clean",
        "break",
        "move"
      ]
    },
    "24": {
      "id": 24,
      "class": "chair",
      "label": "chair_24",
      "parent_room": 8,
      "description": "Brown chair made of wood, used for sitting and resting.",
      "bbox": [],
      "action_affordance": [
        "sit on",
        "step on",
        "clean",
        "break",
        "move"
      ]
    },
    "25": {
      "id": 25,
      "class": "chair",
      "label": "chair_25",
      "parent_room": 10,
      "description": "Wooden chair made of wood, used for sitting and supporting a person.",
      "bbox": [],
      "action_affordance": [
        "sit on",
        "step on",
        "clean",
        "break",
        "move"
      ]
    },
    "26": {
      "id": 26,
      "class": "chair",
      "label": "chair_26",
      "parent_room": 9,
      "description": "Brown chair made of wood, used for sitting and supporting a person.",
      "bbox": [],
      "action_affordance": [
        "sit on",
        "step on",
        "clean",
        "break",
        "move"
      ]
    },
    "27": {
      "id": 27,
      "class": "couch",
      "label": "couch_27",
      "parent_room": 10,
      "description": "Brown couch made of leather, used for sitting and relaxing.",
      "bbox": [],
      "action_affordance": [
        "sit on",
        "lay on",
        "step on",
        "tidy",
        "clean",
        "move"
      ]
    },
    "28": {
      "id": 28,
      "class": "potted plant",
      "label": "potted plant_28",
      "parent_room": 1,
      "description": "Green potted plant made of ceramic, used for decoration and bringing life indoors.",
      "bbox": [],
      "action_affordance": [
        "water",
        "pick up",
        "move"
      ]
    },
    "29": {
      "id": 29,
      "class": "potted plant",
      "label": "potted plant_29",
      "parent_room": 2,
      "description": "Green potted plant made of ceramic, used for decoration and bringing nature indoors.",
      "bbox": [],
      "action_affordance": [
        "water",
        "pick up",
        "move"
      ]
    },
    "30": {
      "id": 30,
      "class": "potted plant",
      "label": "potted plant_30",
      "parent_room": 4,
      "description": "Green potted plant made of ceramic, used for decoration and bringing nature indoors.",
      "bbox": [],
      "action_affordance": [
        "water",
        "pick up",
        "move"
      ]
    },
    "31": {
      "id": 31,
      "class": "bed",
      "label": "bed_31",
      "parent_room": 3,
      "description": "Cream bed made of wood, used for sleeping and resting comfortably.",
      "bbox": [],
      "action_affordance": [
        "make",
        "sit on",
        "step on",
        "lay on",
        "move"
      ]
    },
    "32": {
      "id": 32,
      "class": "bed",
      "label": "bed_32",
      "parent_room": 4,
      "description": "Cream bed made of wood, used for sleeping and resting comfortably.",
      "bbox": [],
      "action_affordance": [
        "make",
        "sit on",
        "step on",
        "lay on",
        "move"
      ]
    },
    "33": {
      "id": 33,
      "class": "dining table",
      "label": "dining table_33",
      "parent_room": 8,
      "description": "Brown dining table made of wood, used for eating meals and hosting gatherings.",
      "bbox": [],
      "action_affordance": [
        "sit at",
        "lay on",
        "pick up",
        "move",
        "clean",
        "set",
        "decorate"
      ]
    },
    "34": {
      "id": 34,
      "class": "rubbish_bin",
      "label": "rubbish_bin_34",
      "parent_room": 7,
      "description": "Grey rubbish_bin made of plastic, used for discarding waste and keeping spaces clean.",
      "bbox": [],
      "action_affordance": []
    },
    "35": {
      "id": 35,
      "class": "cola_can",
      "label": "cola_can_35",
      "parent_room": 7,
      "description": "Silver cola_can made of aluminum, used for drinking a refreshing beverage.",
      "bbox": [],
      "action_affordance": []
    },
    "36": {
      "id": 36,
      "class": "banana_peel",
      "label": "banana_peel_36",
      "parent_room": 11,
      "description": "Yellow banana peel made of fruit skin, used for slipping playfully or as compost.",
      "bbox": [],
      "action_affordance": []
    },
    "37": {
      "id": 37,
      "class": "rotting_apple",
      "label": "rotting_apple_37",
      "parent_room": 3,
      "description": "Rotting apple made of flesh and skin, used for attracting insects and decaying organic matter.",
      "bbox": [],
      "action_affordance": []
    },
    "38": {
      "id": 38,
      "class": "bucket",
      "label": "bucket_38",
      "parent_room": 9,
      "description": "Blue bucket made of plastic, used for carrying water or other liquids.",
      "bbox": [],
      "action_affordance": []
    }
  }
}