{
  "scene_info": {
    "total_rooms": 7,
    "total_objects": 30
  },
  "rooms": {
    "1": {
      "id": 1,
      "category": "bathroom",
      "label": "bathroom_1",
      "bbox": [],
      "objects_in_room": [
        3,
        4,
        9,
        21
      ]
    },
    "2": {
      "id": 2,
      "category": "bedroom",
      "label": "bedroom_2",
      "bbox": [],
      "objects_in_room": [
        16,
        28
      ]
    },
    "3": {
      "id": 3,
      "category": "corridor",
      "label": "corridor_3",
      "bbox": [],
      "objects_in_room": [
        19,
        20,
        24,
        30
      ]
    },
    "4": {
      "id": 4,
      "category": "corridor",
      "label": "corridor_4",
      "bbox": [],
      "objects_in_room": [
        26,
        29
      ]
    },
    "5": {
      "id": 5,
      "category": "dining_room",
      "label": "dining_room_5",
      "bbox": [],
      "objects_in_room": [
        11,
        12,
        17,
        18,
        22
      ]
    },
    "6": {
      "id": 6,
      "category": "kitchen",
      "label": "kitchen_6",
      "bbox": [],
      "objects_in_room": [
        1,
        2,
        5,
        6,
        23,
        25,
        27
      ]
    },
    "7": {
      "id": 7,
      "category": "living_room",
      "label": "living_room_7",
      "bbox": [],
      "objects_in_room": [
        7,
        8,
        10,
        13,
        14,
        15
      ]
    }
  },
  "objects": {
    "1": {
      "id": 1,
      "class": "oven",
      "label": "oven_1",
      "parent_room": 6,
      "description": "Shiny silver oven made of metal, used for baking and cooking food.",
      "bbox": [],
      "action_affordance": [
        "open",
        "close",
        "heat",
        "turn on",
        "turn off",
        "clean"
      ]
    },
    "2": {
      "id": 2,
      "class": "sink",
      "label": "sink_2",
      "parent_room": 6,
      "description": "White sink made of porcelain, used for washing dishes and cleaning hands.",
      "bbox": [],
      "action_affordance": [
        "wash",
        "clean"
      ]
    },
    "3": {
      "id": 3,
      "class": "sink",
      "label": "sink_3",
      "parent_room": 1,
      "description": "White sink made of porcelain, used for washing dishes and cleaning.",
      "bbox": [],
      "action_affordance": [
        "wash",
        "clean"
      ]
    },
    "4": {
      "id": 4,
      "class": "sink",
      "label": "sink_4",
      "parent_room": 1,
      "description": "White sink made of porcelain, used for washing dishes and hands.",
      "bbox": [],
      "action_affordance": [
        "wash",
        "clean"
      ]
    },
    "5": {
      "id": 5,
      "class": "refrigerator",
      "label": "refrigerator_5",
      "parent_room": 6,
      "description": "White refrigerator made of steel, used for storing and preserving food at cold temperatures.",
      "bbox": [],
      "action_affordance": [
        "open",
        "close",
        "clean",
        "move"
      ]
    },
    "6": {
      "id": 6,
      "class": "refrigerator",
      "label": "refrigerator_6",
      "parent_room": 6,
      "description": "White refrigerator made of steel, used for storing and preserving food at cold temperatures.",
      "bbox": [],
      "action_affordance": [
        "open",
        "close",
        "clean",
        "move"
      ]
    },
    "7": {
      "id": 7,
      "class": "vase",
      "label": "vase_7",
      "parent_room": 7,
      "description": "Cream vase made of ceramic, used for holding flowers or decorative items.",
      "bbox": [],
      "action_affordance": [
        "fill",
        "pick up",
        "break",
        "clean"
      ]
    },
    "8": {
      "id": 8,
      "class": "vase",
      "label": "vase_8",
      "parent_room": 7,
      "description": "White vase made of ceramic, used for holding flowers or decorative items.",
      "bbox": [],
      "action_affordance": [
        "fill",
        "pick up",
        "break",
        "clean"
      ]
    },
    "9": {
      "id": 9,
      "class": "toilet",
      "label": "toilet_9",
      "parent_room": 1,
      "description": "White toilet made of porcelain, used for relieving oneself and maintaining hygiene.",
      "bbox": [],
      "action_affordance": [
        "sit on",
        "clean",
        "flush",
        "close",
        "open"
      ]
    },
    "10": {
      "id": 10,
      "class": "chair",
      "label": "chair_10",
      "parent_room": 7,
      "description": "Brown chair made of wood, used for sitting and supporting a person.",
      "bbox": [],
      "action_affordance": [
        "sit on",
        "step on",
        "clean",
        "break",
        "move"
      ]
    },
    "11": {
      "id": 11,
      "class": "chair",
      "label": "chair_11",
      "parent_room": 5,
      "description": "Brown chair made of wood, used for sitting and supporting a person.",
      "bbox": [],
      "action_affordance": [
        "sit on",
        "step on",
        "clean",
        "break",
        "move"
      ]
    },
    "12": {
      "id": 12,
      "class": "chair",
      "label": "chair_12",
      "parent_room": 5,
      "description": "Brown chair made of wood, used for sitting and supporting a person.",
      "bbox": [],
      "action_affordance": [
        "sit on",
        "step on",
        "clean",
        "break",
        "move"
      ]
    },
    "13": {
      "id": 13,
      "class": "couch",
      "label": "couch_13",
      "parent_room": 7,
      "description": "Gray couch made of fabric, used for sitting and relaxing.",
      "bbox": [],
      "action_affordance": [
        "sit on",
        "lay on",
        "step on",
        "tidy",
        "clean",
        "move"
      ]
    },
    "14": {
      "id": 14,
      "class": "couch",
      "label": "couch_14",
      "parent_room": 7,
      "description": "Brown couch made of leather, used for sitting and relaxing.",
      "bbox": [],
      "action_affordance": [
        "sit on",
        "lay on",
        "step on",
        "tidy",
        "clean",
        "move"
      ]
    },
    "15": {
      "id": 15,
      "class": "potted plant",
      "label": "potted plant_15",
      "parent_room": 7,
      "description": "Green potted plant made of ceramic, used for decoration and bringing nature indoors.",
      "bbox": [],
      "action_affordance": [
        "water",
        "pick up",
        "move"
      ]
    },
    "16": {
      "id": 16,
      "class": "bed",
      "label": "bed_16",
      "parent_room": 2,
      "description": "Cream bed made of wood, used for resting and sleeping comfortably.",
      "bbox": [],
      "action_affordance": [
        "make",
        "sit on",
        "step on",
        "lay on",
        "move"
      ]
    },
    "17": {
      "id": 17,
      "class": "dining table",
      "label": "dining table_17",
      "parent_room": 5,
      "description": "Brown dining table made of wood, used for eating meals and hosting gatherings.",
      "bbox": [],
      "action_affordance": [
        "sit at",
        "lay on",
        "pick up",
        "move",
        "clean",
        "set",
        "decorate"
      ]
    },
    "18": {
      "id": 18,
      "class": "dining table",
      "label": "dining table_18",
      "parent_room": 5,
      "description": "Brown dining table made of wood, used for eating meals and hosting gatherings.",
      "bbox": [],
      "action_affordance": [
        "sit at",
        "lay on",
        "pick up",
        "move",
        "clean",
        "set",
        "decorate"
      ]
    },
    "19": {
      "id": 19,
      "class": "desk",
      "label": "desk_19",
      "parent_room": 3,
      "description": "Brown desk made of wood, used for working, studying, or holding items.",
      "bbox": [],
      "action_affordance": []
    },
    "20": {
      "id": 20,
      "class": "lamp",
      "label": "lamp_20",
      "parent_room": 3,
      "description": "Warm white lamp made of metal, used for illuminating a space and providing light.",
      "bbox": [],
      "action_affordance": []
    },
    "21": {
      "id": 21,
      "class": "shelf",
      "label": "shelf_21",
      "parent_room": 1,
      "description": "Wooden shelf made of wood, used for displaying or storing items.",
      "bbox": [],
      "action_affordance": []
    },
    "22": {
      "id": 22,
      "class": "locker",
      "label": "locker_22",
      "parent_room": 5,
      "description": "Metal locker, made of steel, used for storing belongings securely.",
      "bbox": [],
      "action_affordance": []
    },
    "23": {
      "id": 23,
      "class": "book into the shelf",
      "label": "book into the shelf_23",
      "parent_room": 6,
      "description": "Brown book made of paper, used for reading and storing knowledge.",
      "bbox": [],
      "action_affordance": []
    },
    "24": {
      "id": 24,
      "class": "folder into the shelf",
      "label": "folder into the shelf_24",
      "parent_room": 3,
      "description": "Brown folder made of paper, used for organizing documents and storing information.",
      "bbox": [],
      "action_affordance": []
    },
    "25": {
      "id": 25,
      "class": "pen into the shelf",
      "label": "pen into the shelf_25",
      "parent_room": 6,
      "description": "Black pen resting on a shelf, made of plastic, used for writing and drawing.",
      "bbox": [],
      "action_affordance": []
    },
    "26": {
      "id": 26,
      "class": "notebook into the shelf",
      "label": "notebook into the shelf_26",
      "parent_room": 4,
      "description": "Cream notebook made of paper, used for writing, note-taking, and sketching ideas.",
      "bbox": [],
      "action_affordance": []
    },
    "27": {
      "id": 27,
      "class": "laptop into the locker",
      "label": "laptop into the locker_27",
      "parent_room": 6,
      "description": "Silver laptop made of metal, used for computing and accessing information.",
      "bbox": [],
      "action_affordance": []
    },
    "28": {
      "id": 28,
      "class": "mouse into the locker",
      "label": "mouse into the locker_28",
      "parent_room": 2,
      "description": "Gray mouse toy made of plastic, used for imaginative play and storytelling.",
      "bbox": [],
      "action_affordance": []
    },
    "29": {
      "id": 29,
      "class": "keyboard into the locker",
      "label": "keyboard into the locker_29",
      "parent_room": 4,
      "description": "Black keyboard made of plastic, used for typing and entering codes into a locker.",
      "bbox": [],
      "action_affordance": []
    },
    "30": {
      "id": 30,
      "class": "headphone into the locker",
      "label": "headphone into the locker_30",
      "parent_room": 3,
      "description": "Black headphones made of plastic, used for listening to music or podcasts.",
      "bbox": [],
      "action_affordance": []
    }
  }
}